brain,gain,checkpoint,mode,cue,P_peak_activity,P_cumulative_activity,P_final_activity,trial_similarity,experience_similarity,P_peak_gain_vs_local,P_cumulative_gain_vs_local
1,0.0,0,untrained,A,0.41679144437282967,13.560983292503916,0.0,1.0,0.0,0.0,0.0
1,0.0,0,untrained,F,0.40104352249740005,17.36379591224628,0.40104352249740005,1.0,0.0,0.0,0.0
1,0.0,0,untrained,P,0.5306626417824976,12.639694028336965,0.31738523665502616,0.9999999999999998,0.0,0.0,0.0
1,0.0,0,local,A,0.41679144437282967,13.560983292503916,0.0,1.0,0.0,0.0,0.0
1,0.0,0,local,F,0.40104352249740005,17.36379591224628,0.40104352249740005,1.0,0.0,0.0,0.0
1,0.0,0,local,P,0.5306626417824976,12.639694028336965,0.31738523665502616,0.9999999999999998,0.0,0.0,0.0
1,0.25,0,field,A,0.41679144437282967,13.560983292503916,0.0,1.0,0.0,0.0,0.0
1,0.25,0,field,F,0.40104352249740005,17.36379591224628,0.40104352249740005,1.0,0.0,0.0,0.0
1,0.25,0,field,P,0.5306626417824976,12.639694028336965,0.31738523665502616,0.9999999999999998,0.0,0.0,0.0
1,0.5,0,field,A,0.41679144437282967,13.560983292503916,0.0,1.0,0.0,0.0,0.0
1,0.5,0,field,F,0.40104352249740005,17.36379591224628,0.40104352249740005,1.0,0.0,0.0,0.0
1,0.5,0,field,P,0.5306626417824976,12.639694028336965,0.31738523665502616,0.9999999999999998,0.0,0.0,0.0
1,0.75,0,field,A,0.41679144437282967,13.560983292503916,0.0,1.0,0.0,0.0,0.0
1,0.75,0,field,F,0.40104352249740005,17.36379591224628,0.40104352249740005,1.0,0.0,0.0,0.0
1,0.75,0,field,P,0.5306626417824976,12.639694028336965,0.31738523665502616,0.9999999999999998,0.0,0.0,0.0
1,1.0,0,field,A,0.41679144437282967,13.560983292503916,0.0,1.0,0.0,0.0,0.0
1,1.0,0,field,F,0.40104352249740005,17.36379591224628,0.40104352249740005,1.0,0.0,0.0,0.0
1,1.0,0,field,P,0.5306626417824976,12.639694028336965,0.31738523665502616,0.9999999999999998,0.0,0.0,0.0
1,0.0,100,untrained,A,0.41679144437282967,13.560983292503916,0.0,1.0,0.0,0.0,0.0
1,0.0,100,untrained,F,0.40104352249740005,17.36379591224628,0.40104352249740005,1.0,0.0,0.0,0.0
1,0.0,100,untrained,P,0.5306626417824976,12.639694028336965,0.31738523665502616,0.9999999999999998,0.0,0.0,0.0
1,0.0,100,local,A,0.4835485851805658,19.12633194100025,0.0,1.0,0.5295827837134717,0.0,0.0
1,0.0,100,local,F,0.471543721957176,18.026131065698976,0.32401507490764614,1.0,0.523337305852428,0.0,0.0
1,0.0,100,local,P,0.6189702237570522,21.54408155008163,0.15751836349846682,0.9999999999999998,0.0,0.0,0.0
1,0.25,100,field,A,0.5038259421800131,28.16712196384672,0.3231512194078837,1.0000000000000002,0.9175949288613945,0.02027735699944727,9.040790022846473
1,0.25,100,field,F,0.48691351685628365,23.433742071881362,0.27266013736823114,1.0,0.6050892908312868,0.01536979489910767,5.407611006182385
1,0.25,100,field,P,0.647824811239449,20.02838017123235,0.2962317210574229,0.9999999999999998,0.0,0.028854587482396776,-1.515701378849279
1,0.5,100,field,A,0.5255708578630122,27.894552085225865,0.2952682542992482,1.0,0.8760482441567347,0.04202227268244635,8.768220144225616
1,0.5,100,field,F,0.5202181912898596,23.616345227687326,0.30887069866008854,1.0000000000000002,0.9109000660148654,0.0486744693326836,5.590214161988349
1,0.5,100,field,P,0.6643815017778611,20.0349579608655,0.30831222607229136,1.0000000000000002,0.0,0.04541127802080891,-1.5091235892161272
1,0.75,100,field,A,0.5340406512125202,26.346427590598445,0.31053594999045014,1.0,0.9288662313828663,0.050492066031954386,7.220095649598196
1,0.75,100,field,F,0.518602382504061,21.66702087757651,0.3066646463542034,1.0000000000000002,0.933865542694576,0.04705866054688501,3.640889811877532
1,0.75,100,field,P,0.6762223044823958,38.92441676576178,0.3079384524998019,0.9999999999999998,0.0,0.0572520807253436,17.380335215680148
1,1.0,100,field,A,0.5372179344338065,27.258957192908873,0.3184778237687807,1.0,0.9411049435403929,0.053669349253240684,8.132625251908625
1,1.0,100,field,F,0.5357751248121039,23.810671682917523,0.313721927985406,1.0000000000000002,0.9446932717914425,0.0642314028549279,5.784540617218546
1,1.0,100,field,P,0.6811655887014048,39.84202142846347,0.31578785618526245,1.0,0.0,0.062195364944352516,18.29793987838184
1,0.0,200,untrained,A,0.41679144437282967,13.560983292503916,0.0,1.0,0.0,0.0,0.0
1,0.0,200,untrained,F,0.40104352249740005,17.36379591224628,0.40104352249740005,1.0,0.0,0.0,0.0
1,0.0,200,untrained,P,0.5306626417824976,12.639694028336965,0.31738523665502616,0.9999999999999998,0.0,0.0,0.0
1,0.0,200,local,A,0.4796892005976717,8.81138520412868,0.0,1.0,0.6852963635763442,0.0,0.0
1,0.0,200,local,F,0.4812064573296679,8.052555610148598,0.0,1.0,0.5073490364511297,0.0,0.0
1,0.0,200,local,P,0.630029992778082,12.207643027505206,0.2898266089810307,0.9999999999999998,0.0,0.0,0.0
1,0.25,200,field,A,0.0,0.0,0.0,1.0,0.6304940324024338,-0.4796892005976717,-8.81138520412868
1,0.25,200,field,F,0.0,0.0,0.0,1.0000000000000002,0.649422598405504,-0.4812064573296679,-8.052555610148598
1,0.25,200,field,P,0.6699034460372697,5.5740853270487,0.0,0.9999999999999998,0.0,0.039873453259187674,-6.633557700456506
1,0.5,200,field,A,0.0,0.0,0.0,0.9999999999999998,0.6653813752911294,-0.4796892005976717,-8.81138520412868
1,0.5,200,field,F,0.0,0.0,0.0,1.0,0.7538720143000043,-0.4812064573296679,-8.052555610148598
1,0.5,200,field,P,0.6835210721806163,6.564085254733302,0.0,1.0000000000000002,0.0,0.05349107940253428,-5.643557772771904
1,0.75,200,field,A,0.0,0.0,0.0,1.0,0.6344610038928709,-0.4796892005976717,-8.81138520412868
1,0.75,200,field,F,0.0,0.0,0.0,0.9999999999999998,0.7909968739294023,-0.4812064573296679,-8.052555610148598
1,0.75,200,field,P,0.692555619108149,40.073864607255786,0.32066453555256924,0.9999999999999998,0.0,0.06252562633006697,27.86622157975058
1,1.0,200,field,A,0.0,0.0,0.0,1.0000000000000002,0.6351747088258646,-0.4796892005976717,-8.81138520412868
1,1.0,200,field,F,0.0,0.0,0.0,0.9999999999999998,0.7932957210110285,-0.4812064573296679,-8.052555610148598
1,1.0,200,field,P,0.6975921200344904,41.083348795540594,0.3272486375587226,0.9999999999999998,0.0,0.06756212725640842,28.875705768035388
1,0.0,300,untrained,A,0.41679144437282967,13.560983292503916,0.0,1.0,0.0,0.0,0.0
1,0.0,300,untrained,F,0.40104352249740005,17.36379591224628,0.40104352249740005,1.0,0.0,0.0,0.0
1,0.0,300,untrained,P,0.5306626417824976,12.639694028336965,0.31738523665502616,0.9999999999999998,0.0,0.0,0.0
1,0.0,300,local,A,0.0190233527538247,0.21145218092946597,0.0,1.0,0.5613202066313194,0.0,0.0
1,0.0,300,local,F,0.0,0.0,0.0,0.9999999999999998,0.35936744564699286,0.0,0.0
1,0.0,300,local,P,0.6474554554512778,5.156479440750669,0.0,1.0,0.0,0.0,0.0
1,0.25,300,field,A,0.0,0.0,0.0,1.0,0.5865859168820625,-0.0190233527538247,-0.21145218092946597
1,0.25,300,field,F,0.0,0.0,0.0,1.0,0.6919925494073231,0.0,0.0
1,0.25,300,field,P,0.6769109181540067,5.410266240902048,0.0,0.9999999999999998,0.0,0.02945546270272892,0.2537868001513788
1,0.5,300,field,A,0.0,0.0,0.0,1.0000000000000002,0.5967348114514938,-0.0190233527538247,-0.21145218092946597
1,0.5,300,field,F,0.0,0.0,0.0,1.0000000000000002,0.7328409172024847,0.0,0.0
1,0.5,300,field,P,0.6894784921951493,38.3856441593853,0.31205133317801914,1.0,0.0,0.042023036743871534,33.229164718634635
1,0.75,300,field,A,0.0,0.0,0.0,1.0,0.6138779294132366,-0.0190233527538247,-0.21145218092946597
1,0.75,300,field,F,0.0,0.0,0.0,1.0000000000000002,0.7750594193683662,0.0,0.0
1,0.75,300,field,P,0.6973294465277553,23.299737602667467,0.32725609648720566,1.0,0.0,0.0498739910764775,18.143258161916798
1,1.0,300,field,A,0.0,0.0,0.0,1.0,0.6099498722001079,-0.0190233527538247,-0.21145218092946597
1,1.0,300,field,F,0.0,0.0,0.0,1.0,0.777179454314552,0.0,0.0
1,1.0,300,field,P,0.703826754922814,28.22155085628925,0.3333248675906148,1.0000000000000002,0.0,0.056371299471536185,23.065071415538583
1,0.0,400,untrained,A,0.41679144437282967,13.560983292503916,0.0,1.0,0.0,0.0,0.0
1,0.0,400,untrained,F,0.40104352249740005,17.36379591224628,0.40104352249740005,1.0,0.0,0.0,0.0
1,0.0,400,untrained,P,0.5306626417824976,12.639694028336965,0.31738523665502616,0.9999999999999998,0.0,0.0,0.0
1,0.0,400,local,A,0.0,0.0,0.0,0.9999999999999998,0.5708437777279592,0.0,0.0
1,0.0,400,local,F,0.0,0.0,0.0,1.0,0.2538574587163104,0.0,0.0
1,0.0,400,local,P,0.6563237063889977,5.056622146130672,0.0,1.0,0.0,0.0,0.0
1,0.25,400,field,A,0.0,0.0,0.0,1.0000000000000002,0.5519993993332998,0.0,0.0
1,0.25,400,field,F,0.0,0.0,0.0,1.0,0.6807575863969298,0.0,0.0
1,0.25,400,field,P,0.6789279455028077,5.429162373799243,0.0,1.0000000000000002,0.0,0.022604239113809932,0.372540227668571
1,0.5,400,field,A,0.0,0.0,0.0,1.0,0.5870578207926526,0.0,0.0
1,0.5,400,field,F,0.0,0.0,0.0,1.0000000000000002,0.7279854839220492,0.0,0.0
1,0.5,400,field,P,0.6919902431752273,38.66424932978527,0.31432206892612297,1.0,0.0,0.03566653678622955,33.6076271836546
1,0.75,400,field,A,0.0,0.0,0.0,1.0000000000000002,0.5988811672824783,0.0,0.0
1,0.75,400,field,F,0.0,0.0,0.0,1.0,0.7488467272801262,0.0,0.0
1,0.75,400,field,P,0.705918968778,20.878891005161012,0.32925669169476646,0.9999999999999998,0.0,0.04959526238900225,15.822268859030341
1,1.0,400,field,A,0.0,0.0,0.0,1.0,0.5922756486784971,0.0,0.0
1,1.0,400,field,F,0.0,0.0,0.0,1.0000000000000002,0.7480985000718071,0.0,0.0
1,1.0,400,field,P,0.7128372467129146,22.35521105693206,0.33655671134615733,1.0,0.0,0.05651354032391687,17.29858891080139
1,0.0,500,untrained,A,0.41679144437282967,13.560983292503916,0.0,1.0,0.0,0.0,0.0
1,0.0,500,untrained,F,0.40104352249740005,17.36379591224628,0.40104352249740005,1.0,0.0,0.0,0.0
1,0.0,500,untrained,P,0.5306626417824976,12.639694028336965,0.31738523665502616,0.9999999999999998,0.0,0.0,0.0
1,0.0,500,local,A,0.0,0.0,0.0,1.0,0.483646450544754,0.0,0.0
1,0.0,500,local,F,0.0,0.0,0.0,1.0000000000000002,0.5571030778931312,0.0,0.0
1,0.0,500,local,P,0.6623646805709982,5.022687197592337,0.0,1.0000000000000002,0.0,0.0,0.0
1,0.25,500,field,A,0.0,0.0,0.0,1.0,0.5018849598054329,0.0,0.0
1,0.25,500,field,F,0.0,0.0,0.0,1.0,0.6648943768849697,0.0,0.0
1,0.25,500,field,P,0.6798522287074551,5.544802911749445,0.0,1.0,0.0,0.01748754813645692,0.522115714157108
1,0.5,500,field,A,0.0,0.0,0.0,0.9999999999999998,0.5779643950758399,0.0,0.0
1,0.5,500,field,F,0.0,0.0,0.0,0.9999999999999998,0.7027120582123692,0.0,0.0
1,0.5,500,field,P,0.6953488105850275,25.170394209248975,0.31911317154431135,1.0,0.0,0.032984130014029334,20.14770701165664
1,0.75,500,field,A,0.0,0.0,0.0,1.0,0.5792348555184264,0.0,0.0
1,0.75,500,field,F,0.0,0.0,0.0,1.0,0.7340385538684223,0.0,0.0
1,0.75,500,field,P,0.7070232682024666,20.387314301348297,0.3314282193293616,1.0,0.0,0.04465858763146846,15.36462710375596
1,1.0,500,field,A,0.0,0.0,0.0,1.0,0.5652983200490225,0.0,0.0
1,1.0,500,field,F,0.0,0.0,0.0,1.0000000000000002,0.7335417261299797,0.0,0.0
1,1.0,500,field,P,0.7142724335475974,22.86778950765333,0.33871363911038765,1.0,0.0,0.05190775297659922,17.845102310060994
