brain,checkpoint,mode,cue,mean_lifetime,mean_active_fraction,mean_concentration,P_peak_activity,P_cumulative_activity,P_mean_activity,P_peak_step,P_final_activity,trial_similarity,mean_total_activity,recall_to_P_cue_similarity,destination_experience_similarity,settled_experience_similarity,A_vs_F_pattern_similarity,convergence_gain_vs_disconnected,P_peak_gain_vs_disconnected,P_cumulative_gain_vs_disconnected,P_final_gain_vs_disconnected
1,0,untrained,A,120.0,0.4841666666666667,0.010359005604719787,0.41679144437282967,13.560983292503916,0.11300819410419931,93.0,0.0,1.0,30.26441068156754,0.0,0.0,0.0,0.34210423552307684,0.0,0.0,0.0,0.0
1,0,untrained,F,120.0,0.48583333333333334,0.01025055493963963,0.40104352249740005,17.363795912246285,0.14469829926871905,120.0,0.40104352249740005,1.0,29.804790403366937,0.0,0.0,0.0,0.34210423552307684,0.0,0.0,0.0,0.0
1,0,untrained,P,120.0,0.27749999999999997,0.017557565227228924,0.5306626417824976,12.639694028336965,0.10533078356947471,5.0,0.31738523665502616,0.9999999999999998,15.586024379617362,0.0,0.0,0.0,0.34210423552307684,0.0,0.0,0.0,0.0
1,0,disconnected,A,120.0,0.4841666666666667,0.010359005604719787,0.41679144437282967,13.560983292503916,0.11300819410419931,93.0,0.0,1.0,30.26441068156754,0.0,0.0,0.0,0.34210423552307684,0.0,0.0,0.0,0.0
1,0,disconnected,F,120.0,0.48583333333333334,0.01025055493963963,0.40104352249740005,17.363795912246285,0.14469829926871905,120.0,0.40104352249740005,1.0,29.804790403366937,0.0,0.0,0.0,0.34210423552307684,0.0,0.0,0.0,0.0
1,0,disconnected,P,120.0,0.27749999999999997,0.017557565227228924,0.5306626417824976,12.639694028336965,0.10533078356947471,5.0,0.31738523665502616,0.9999999999999998,15.586024379617362,0.0,0.0,0.0,0.34210423552307684,0.0,0.0,0.0,0.0
1,0,shared,A,120.0,0.4841666666666667,0.010359005604719787,0.41679144437282967,13.560983292503916,0.11300819410419931,93.0,0.0,1.0,30.26441068156754,0.025157838563935473,0.0,0.0,0.34210423552307684,0.0,0.0,0.0,0.0
1,0,shared,F,120.0,0.48583333333333334,0.01025055493963963,0.40104352249740005,17.363795912246285,0.14469829926871905,120.0,0.40104352249740005,1.0,29.804790403366937,0.5814919617729636,0.0,0.0,0.34210423552307684,0.0,0.0,0.0,0.0
1,0,shared,P,120.0,0.27749999999999997,0.017557565227228924,0.5306626417824976,12.639694028336965,0.10533078356947471,5.0,0.31738523665502616,0.9999999999999998,15.586024379617362,0.9999999999999998,0.0,0.0,0.34210423552307684,0.0,0.0,0.0,0.0
1,100,untrained,A,120.0,0.4841666666666667,0.010359005604719787,0.41679144437282967,13.560983292503916,0.11300819410419931,93.0,0.0,1.0,30.26441068156754,0.0,0.0,0.0,0.34210423552307684,0.0,0.0,0.0,0.0
1,100,untrained,F,120.0,0.48583333333333334,0.01025055493963963,0.40104352249740005,17.363795912246285,0.14469829926871905,120.0,0.40104352249740005,1.0,29.804790403366937,0.0,0.0,0.0,0.34210423552307684,0.0,0.0,0.0,0.0
1,100,untrained,P,120.0,0.27749999999999997,0.017557565227228924,0.5306626417824976,12.639694028336965,0.10533078356947471,5.0,0.31738523665502616,0.9999999999999998,15.586024379617362,0.0,0.0,0.0,0.34210423552307684,0.0,0.0,0.0,0.0
1,100,disconnected,A,120.0,0.31666666666666665,0.015984689102921244,0.4190240481631465,16.305151781765197,0.1358762648480433,21.0,0.417388316335103,1.0000000000000002,20.231105465242912,0.0,0.0,0.0,0.4186117479225136,0.0,0.0,0.0,0.0
1,100,disconnected,F,120.0,0.7575,0.0061264328819132085,0.40619798329284434,20.66559239809368,0.172213269984114,110.0,0.19389036922823272,1.0,45.7360349826159,0.0,0.0,0.0,0.4186117479225136,0.0,0.0,0.0,0.0
1,100,disconnected,P,120.0,0.7008333333333333,0.006625063352225765,0.5230460480555392,19.436949177578377,0.1619745764798198,5.0,0.038900174838373464,1.0,45.087099158862685,0.0,0.0,0.0,0.4186117479225136,0.0,0.0,0.0,0.0
1,100,shared,A,120.0,0.5050000000000001,0.00969519920692592,0.4835485851805658,19.12633194100025,0.1593860995083354,29.0,0.0,1.0,34.131199490695366,0.3594972218579027,0.430950512242348,0.5074260739665745,0.38912975595126137,-0.02948199197125223,0.06452453701741934,2.821180159235052,-0.417388316335103
1,100,shared,F,120.0,0.5783333333333334,0.008522755424583034,0.471543721957176,18.026131065698976,0.1502177588808248,44.0,0.32401507490764614,1.0,37.802099641881256,0.47115406462501,0.3134091278296615,0.6283958523983373,0.38912975595126137,-0.02948199197125223,0.06534573866433163,-2.6394613323947027,0.13012470567941342
1,100,shared,P,120.0,0.7016666666666667,0.0068596826421431275,0.6189702237570522,21.54408155008163,0.1795340129173469,4.0,0.15751836349846682,0.9999999999999998,48.54716327356037,0.9999999999999998,0.6542061356307852,0.8160223991736695,0.38912975595126137,-0.02948199197125223,0.09592417570151301,2.1071323725032514,0.11861818866009335
1,200,untrained,A,120.0,0.4841666666666667,0.010359005604719787,0.41679144437282967,13.560983292503916,0.11300819410419931,93.0,0.0,1.0,30.26441068156754,0.0,0.0,0.0,0.34210423552307684,0.0,0.0,0.0,0.0
1,200,untrained,F,120.0,0.48583333333333334,0.01025055493963963,0.40104352249740005,17.363795912246285,0.14469829926871905,120.0,0.40104352249740005,1.0,29.804790403366937,0.0,0.0,0.0,0.34210423552307684,0.0,0.0,0.0,0.0
1,200,untrained,P,120.0,0.27749999999999997,0.017557565227228924,0.5306626417824976,12.639694028336965,0.10533078356947471,5.0,0.31738523665502616,0.9999999999999998,15.586024379617362,0.0,0.0,0.0,0.34210423552307684,0.0,0.0,0.0,0.0
1,200,disconnected,A,120.0,0.13833333333333334,0.03835708632963448,0.45838357516870676,18.826291165473336,0.1568857597122778,18.0,0.09203304730885487,1.0000000000000002,6.99774823581603,0.0,0.0,0.0,0.22038666932858367,0.0,0.0,0.0,0.0
1,200,disconnected,F,120.0,0.6916666666666667,0.00683803188581736,0.42546386973088934,17.718121574393418,0.14765101311994516,29.0,0.2161020674850745,1.0,44.33705721084685,0.0,0.0,0.0,0.22038666932858367,0.0,0.0,0.0,0.0
1,200,disconnected,P,120.0,0.6749999999999999,0.007030825129299931,0.5020431542016363,25.68840109448866,0.21407000912073887,5.0,0.0,1.0,45.557667929361955,0.0,0.0,0.0,0.22038666932858367,0.0,0.0,0.0,0.0
1,200,shared,A,120.0,0.5800000000000001,0.008299583212307705,0.4796892005976717,8.81138520412868,0.07342821003440567,46.0,0.0,1.0,34.84245665179266,0.4354142797950224,0.4739633134874938,0.7021321742055081,0.608984946415266,0.3885982770866824,0.02130562542896497,-10.014905961344656,-0.09203304730885487
1,200,shared,F,120.0,0.43916666666666665,0.010797062416592985,0.4812064573296679,8.052555610148598,0.06710463008457165,72.0,0.0,1.0,33.73784256011048,0.18035367600490823,0.36973602006422096,0.5200247773642983,0.608984946415266,0.3885982770866824,0.05574258759877854,-9.66556596424482,-0.2161020674850745
1,200,shared,P,120.0,0.5266666666666667,0.008553380282236135,0.630029992778082,12.207643027505206,0.10173035856254338,3.0,0.2898266089810307,0.9999999999999998,35.80398143474089,0.9999999999999999,0.6383398126147958,0.7141825131472616,0.608984946415266,0.3885982770866824,0.12798683857644577,-13.480758066983455,0.2898266089810307
1,300,untrained,A,120.0,0.4841666666666667,0.010359005604719787,0.41679144437282967,13.560983292503916,0.11300819410419931,93.0,0.0,1.0,30.26441068156754,0.0,0.0,0.0,0.34210423552307684,0.0,0.0,0.0,0.0
1,300,untrained,F,120.0,0.48583333333333334,0.01025055493963963,0.40104352249740005,17.363795912246285,0.14469829926871905,120.0,0.40104352249740005,1.0,29.804790403366937,0.0,0.0,0.0,0.34210423552307684,0.0,0.0,0.0,0.0
1,300,untrained,P,120.0,0.27749999999999997,0.017557565227228924,0.5306626417824976,12.639694028336965,0.10533078356947471,5.0,0.31738523665502616,0.9999999999999998,15.586024379617362,0.0,0.0,0.0,0.34210423552307684,0.0,0.0,0.0,0.0
1,300,disconnected,A,120.0,0.23000000000000004,0.021323599694455218,0.4840525148673146,16.881131509959864,0.1406760959163322,17.0,0.04318689525020454,1.0000000000000002,13.467724436993832,0.0,0.0,0.0,0.2757329767731901,0.0,0.0,0.0,0.0
1,300,disconnected,F,120.0,0.4766666666666667,0.01047152178042747,0.4383726627832366,18.865895487060016,0.15721579572550012,27.0,0.3305147514225879,1.0000000000000002,28.015297399788658,0.0,0.0,0.0,0.2757329767731901,0.0,0.0,0.0,0.0
1,300,disconnected,P,120.0,0.8066666666666666,0.005926947324423377,0.4985757065167259,29.098291561281304,0.2424857630106775,5.0,0.013123408736740925,0.9999999999999998,56.12484010272568,0.0,0.0,0.0,0.2757329767731901,0.0,0.0,0.0,0.0
1,300,shared,A,120.0,0.47250000000000003,0.010259278361230886,0.0190233527538247,0.21145218092946597,0.0017621015077455497,56.0,0.0,1.0,29.85290496861839,0.23234975171600117,0.4223358604089361,0.5122699163140482,0.4113286625457727,0.13559568577258263,-0.4650291621134899,-16.669679329030398,-0.04318689525020454
1,300,shared,F,120.0,0.38249999999999995,0.012945178123578255,0.0,0.0,0.0,1.0,0.0,0.9999999999999998,22.658844058186524,0.5512408563287029,0.1566712251764602,0.47256086675182757,0.4113286625457727,0.13559568577258263,-0.4383726627832366,-18.865895487060016,-0.3305147514225879
1,300,shared,P,120.0,0.4875,0.00998238675848176,0.6474554554512778,5.156479440750669,0.04297066200625557,3.0,0.0,1.0,34.3588716249036,1.0,0.3548089195688586,0.7010277603289294,0.4113286625457727,0.13559568577258263,0.14887974893455191,-23.941812120530635,-0.013123408736740925
1,400,untrained,A,120.0,0.4841666666666667,0.010359005604719787,0.41679144437282967,13.560983292503916,0.11300819410419931,93.0,0.0,1.0,30.26441068156754,0.0,0.0,0.0,0.34210423552307684,0.0,0.0,0.0,0.0
1,400,untrained,F,120.0,0.48583333333333334,0.01025055493963963,0.40104352249740005,17.363795912246285,0.14469829926871905,120.0,0.40104352249740005,1.0,29.804790403366937,0.0,0.0,0.0,0.34210423552307684,0.0,0.0,0.0,0.0
1,400,untrained,P,120.0,0.27749999999999997,0.017557565227228924,0.5306626417824976,12.639694028336965,0.10533078356947471,5.0,0.31738523665502616,0.9999999999999998,15.586024379617362,0.0,0.0,0.0,0.34210423552307684,0.0,0.0,0.0,0.0
1,400,disconnected,A,120.0,0.42000000000000004,0.01177607489544998,0.5022473880687207,20.314538253897965,0.16928781878248303,16.0,0.3763245150509944,0.9999999999999998,24.804449129724226,0.0,0.0,0.0,0.79431187375921,0.0,0.0,0.0,0.0
1,400,disconnected,F,120.0,0.2616666666666666,0.019944078327223808,0.4522104285230453,18.964757801642993,0.15803964834702494,25.0,0.34656374076560215,1.0000000000000002,16.50352685193417,0.0,0.0,0.0,0.79431187375921,0.0,0.0,0.0,0.0
1,400,disconnected,P,120.0,0.6391666666666667,0.007725395914000968,0.4905892265622194,30.67959621280421,0.25566330177336843,5.0,0.12372785682863148,1.0000000000000002,42.11733894172637,0.0,0.0,0.0,0.79431187375921,0.0,0.0,0.0,0.0
1,400,shared,A,120.0,0.40750000000000003,0.012118394886534588,0.0,0.0,0.0,1.0,0.0,0.9999999999999998,26.392250507909168,0.4123086283735609,0.4321270376725717,0.5055345427826814,0.7183600619178294,-0.07595181184138056,-0.5022473880687207,-20.314538253897965,-0.3763245150509944
1,400,shared,F,120.0,0.3091666666666667,0.016060348436119056,0.0,0.0,0.0,1.0,0.0,1.0,18.187985961750847,0.4667977655075541,0.039074080869553066,0.38652385596237093,0.7183600619178294,-0.07595181184138056,-0.4522104285230453,-18.964757801642993,-0.34656374076560215
1,400,shared,P,120.0,0.48916666666666664,0.010241207103190032,0.6563237063889977,5.056622146130671,0.04213851788442226,3.0,0.0,1.0,32.38939219395072,1.0,0.33092300117677365,0.7371803307208836,0.7183600619178294,-0.07595181184138056,0.1657344798267783,-25.62297406667354,-0.12372785682863148
1,500,untrained,A,120.0,0.4841666666666667,0.010359005604719787,0.41679144437282967,13.560983292503916,0.11300819410419931,93.0,0.0,1.0,30.26441068156754,0.0,0.0,0.0,0.34210423552307684,0.0,0.0,0.0,0.0
1,500,untrained,F,120.0,0.48583333333333334,0.01025055493963963,0.40104352249740005,17.363795912246285,0.14469829926871905,120.0,0.40104352249740005,1.0,29.804790403366937,0.0,0.0,0.0,0.34210423552307684,0.0,0.0,0.0,0.0
1,500,untrained,P,120.0,0.27749999999999997,0.017557565227228924,0.5306626417824976,12.639694028336965,0.10533078356947471,5.0,0.31738523665502616,0.9999999999999998,15.586024379617362,0.0,0.0,0.0,0.34210423552307684,0.0,0.0,0.0,0.0
1,500,disconnected,A,120.0,0.36666666666666664,0.013582760025113291,0.5094979840266521,14.12930014077458,0.11774416783978818,16.0,0.3402997101873814,1.0,20.35590294140302,0.0,0.0,0.0,0.7440670996712158,0.0,0.0,0.0,0.0
1,500,disconnected,F,120.0,0.20249999999999999,0.026883799134332937,0.46403581581219944,17.41959654964561,0.1451633045803801,24.0,0.2037615026115139,1.0000000000000002,12.251584366033654,0.0,0.0,0.0,0.7440670996712158,0.0,0.0,0.0,0.0
1,500,disconnected,P,120.0,0.19249999999999998,0.02802633006224301,0.4821555383887171,16.40927804725408,0.13674398372711732,5.0,0.11547724745743009,0.9999999999999998,10.57255735213096,0.0,0.0,0.0,0.7440670996712158,0.0,0.0,0.0,0.0
1,500,shared,A,120.0,0.4583333333333333,0.010118190039088829,0.0,0.0,0.0,1.0,0.0,1.0,32.033443601183976,0.1371061784783042,0.34719424287101713,0.48374749266592115,0.7350902910838563,-0.008976808587359497,-0.5094979840266521,-14.12930014077458,-0.3402997101873814
1,500,shared,F,120.0,0.43499999999999994,0.011009011398785101,0.0,0.0,0.0,1.0,0.0,1.0000000000000002,29.363056264201433,0.15200013612752025,0.39220067678006837,0.6049369022521375,0.7350902910838563,-0.008976808587359497,-0.46403581581219944,-17.41959654964561,-0.2037615026115139
1,500,shared,P,120.0,0.23833333333333334,0.021285930716759775,0.6623646805709982,5.022687197592337,0.0418557266466028,3.0,0.0,1.0000000000000002,16.741349254137408,1.0000000000000002,0.2528868005266791,0.5723197328216258,0.7350902910838563,-0.008976808587359497,0.18020914218228107,-11.386590849661744,-0.11547724745743009
