brain,checkpoint,mode,cue,mean_lifetime,mean_total_activity,A_peak_activity,A_cumulative_activity,A_peak_step,A_final_activity,F_peak_activity,F_cumulative_activity,F_peak_step,F_final_activity,P_peak_activity,P_cumulative_activity,P_peak_step,P_final_activity,Q_peak_activity,Q_cumulative_activity,Q_peak_step,Q_final_activity,R_peak_activity,R_cumulative_activity,R_peak_step,R_final_activity,trial_similarity,A_peak_selectivity,A_cumulative_selectivity,A_final_selectivity,similarity_to_A_experience,similarity_to_F_experience,experience_preference,context_selectivity,context_pattern_separation
1,0,untrained,P,120.0,15.586024379617362,0.412399806938581,13.927179264935784,25.0,0.0,0.37647766137393934,14.64522596324195,40.0,0.0,0.5306626417824976,12.639694028336965,5.0,0.31738523665502616,0.3935729483716024,14.280287753777657,36.0,0.0,0.403789379917897,15.274650166408147,39.0,0.0,0.9999999999999998,0.03592214556464168,-0.718046698306166,0.0,0.0,0.0,0.0,0.0,0.0
1,0,untrained,P_weak_A,120.0,35.72749249931316,0.49363340921369947,14.816682005262816,10.0,0.3052803709438447,0.43346211366991555,21.086287054442412,102.0,0.0,0.5296662885671058,15.1752931253076,5.0,0.009042359380940798,0.42105246371878813,21.147553540708078,101.0,0.0,0.42947433372037735,18.98060918373879,40.0,0.056028565344697925,1.0,0.06017129554378392,-6.269605049179596,0.3052803709438447,0.0,0.0,0.0,0.0,0.0
1,0,untrained,P_weak_F,120.0,44.509338224459256,0.4093878093341717,21.297760566584245,27.0,0.09769506816758784,0.5036062492565976,19.073274009536796,9.0,0.28308302745426656,0.529358952154185,16.246779724067352,5.0,0.37215574027302945,0.4760899425396376,18.561027986629234,10.0,0.30885741105008685,0.4188374897435376,17.19286845038868,119.0,0.41582578611786536,1.0,-0.0942184399224259,2.224486557047449,-0.18538795928667873,0.0,0.0,0.0,0.0,0.0
1,0,untrained,A,120.0,30.26441068156754,0.5269649720747348,12.894400004652647,6.0,0.24272646671941586,0.4054539899242591,13.789942351949772,25.0,0.06751702771474415,0.41679144437282967,13.560983292503916,93.0,0.0,0.4033512934076143,13.223833828661189,25.0,0.20388342424581243,0.4363819720236043,14.468026008478486,94.0,0.0,1.0,0.12151098215047573,-0.8955423472971251,0.17520943900467173,0.0,0.0,0.0,0.0,0.0
1,0,untrained,F,120.0,29.80479040336694,0.4094459203400784,14.799543180171332,102.0,0.026776114333911895,0.5238161960411456,11.486486339707591,5.0,0.3473697626324526,0.40104352249740005,17.363795912246285,120.0,0.40104352249740005,0.4939282140271527,11.62326624973166,7.0,0.34172527925205093,0.43206090704859645,13.857754628149484,12.0,0.08564869082561427,1.0,-0.11437027570106723,3.313056840463741,-0.3205936482985407,0.0,0.0,0.0,0.0,0.0
1,0,disconnected,P,120.0,15.586024379617362,0.412399806938581,13.927179264935784,25.0,0.0,0.37647766137393934,14.64522596324195,40.0,0.0,0.5306626417824976,12.639694028336965,5.0,0.31738523665502616,0.3935729483716024,14.280287753777657,36.0,0.0,0.403789379917897,15.274650166408147,39.0,0.0,0.9999999999999998,0.03592214556464168,-0.718046698306166,0.0,0.0,0.0,0.0,0.0,0.0
1,0,disconnected,P_weak_A,120.0,35.72749249931316,0.49363340921369947,14.816682005262816,10.0,0.3052803709438447,0.43346211366991555,21.086287054442412,102.0,0.0,0.5296662885671058,15.1752931253076,5.0,0.009042359380940798,0.42105246371878813,21.147553540708078,101.0,0.0,0.42947433372037735,18.98060918373879,40.0,0.056028565344697925,1.0,0.06017129554378392,-6.269605049179596,0.3052803709438447,0.0,0.0,0.0,0.0,0.0
1,0,disconnected,P_weak_F,120.0,44.509338224459256,0.4093878093341717,21.297760566584245,27.0,0.09769506816758784,0.5036062492565976,19.073274009536796,9.0,0.28308302745426656,0.529358952154185,16.246779724067352,5.0,0.37215574027302945,0.4760899425396376,18.561027986629234,10.0,0.30885741105008685,0.4188374897435376,17.19286845038868,119.0,0.41582578611786536,1.0,-0.0942184399224259,2.224486557047449,-0.18538795928667873,0.0,0.0,0.0,0.0,0.0
1,0,disconnected,A,120.0,30.26441068156754,0.5269649720747348,12.894400004652647,6.0,0.24272646671941586,0.4054539899242591,13.789942351949772,25.0,0.06751702771474415,0.41679144437282967,13.560983292503916,93.0,0.0,0.4033512934076143,13.223833828661189,25.0,0.20388342424581243,0.4363819720236043,14.468026008478486,94.0,0.0,1.0,0.12151098215047573,-0.8955423472971251,0.17520943900467173,0.0,0.0,0.0,0.0,0.0
1,0,disconnected,F,120.0,29.80479040336694,0.4094459203400784,14.799543180171332,102.0,0.026776114333911895,0.5238161960411456,11.486486339707591,5.0,0.3473697626324526,0.40104352249740005,17.363795912246285,120.0,0.40104352249740005,0.4939282140271527,11.62326624973166,7.0,0.34172527925205093,0.43206090704859645,13.857754628149484,12.0,0.08564869082561427,1.0,-0.11437027570106723,3.313056840463741,-0.3205936482985407,0.0,0.0,0.0,0.0,0.0
1,0,shared,P,120.0,15.586024379617362,0.412399806938581,13.927179264935784,25.0,0.0,0.37647766137393934,14.64522596324195,40.0,0.0,0.5306626417824976,12.639694028336965,5.0,0.31738523665502616,0.3935729483716024,14.280287753777657,36.0,0.0,0.403789379917897,15.274650166408147,39.0,0.0,0.9999999999999998,0.03592214556464168,-0.718046698306166,0.0,0.0,0.0,0.0,0.15438973546620982,0.68403366419619
1,0,shared,P_weak_A,120.0,35.72749249931316,0.49363340921369947,14.816682005262816,10.0,0.3052803709438447,0.43346211366991555,21.086287054442412,102.0,0.0,0.5296662885671058,15.1752931253076,5.0,0.009042359380940798,0.42105246371878813,21.147553540708078,101.0,0.0,0.42947433372037735,18.98060918373879,40.0,0.056028565344697925,1.0,0.06017129554378392,-6.269605049179596,0.3052803709438447,0.0,0.0,0.0,0.15438973546620982,0.68403366419619
1,0,shared,P_weak_F,120.0,44.509338224459256,0.4093878093341717,21.297760566584245,27.0,0.09769506816758784,0.5036062492565976,19.073274009536796,9.0,0.28308302745426656,0.529358952154185,16.246779724067352,5.0,0.37215574027302945,0.4760899425396376,18.561027986629234,10.0,0.30885741105008685,0.4188374897435376,17.19286845038868,119.0,0.41582578611786536,1.0,-0.0942184399224259,2.224486557047449,-0.18538795928667873,0.0,0.0,0.0,0.15438973546620982,0.68403366419619
1,0,shared,A,120.0,30.26441068156754,0.5269649720747348,12.894400004652647,6.0,0.24272646671941586,0.4054539899242591,13.789942351949772,25.0,0.06751702771474415,0.41679144437282967,13.560983292503916,93.0,0.0,0.4033512934076143,13.223833828661189,25.0,0.20388342424581243,0.4363819720236043,14.468026008478486,94.0,0.0,1.0,0.12151098215047573,-0.8955423472971251,0.17520943900467173,0.0,0.0,0.0,0.15438973546620982,0.68403366419619
1,0,shared,F,120.0,29.80479040336694,0.4094459203400784,14.799543180171332,102.0,0.026776114333911895,0.5238161960411456,11.486486339707591,5.0,0.3473697626324526,0.40104352249740005,17.363795912246285,120.0,0.40104352249740005,0.4939282140271527,11.62326624973166,7.0,0.34172527925205093,0.43206090704859645,13.857754628149484,12.0,0.08564869082561427,1.0,-0.11437027570106723,3.313056840463741,-0.3205936482985407,0.0,0.0,0.0,0.15438973546620982,0.68403366419619
1,100,untrained,P,120.0,15.586024379617362,0.412399806938581,13.927179264935784,25.0,0.0,0.37647766137393934,14.64522596324195,40.0,0.0,0.5306626417824976,12.639694028336965,5.0,0.31738523665502616,0.3935729483716024,14.280287753777657,36.0,0.0,0.403789379917897,15.274650166408147,39.0,0.0,0.9999999999999998,0.03592214556464168,-0.718046698306166,0.0,0.0,0.0,0.0,0.0,0.0
1,100,untrained,P_weak_A,120.0,35.72749249931316,0.49363340921369947,14.816682005262816,10.0,0.3052803709438447,0.43346211366991555,21.086287054442412,102.0,0.0,0.5296662885671058,15.1752931253076,5.0,0.009042359380940798,0.42105246371878813,21.147553540708078,101.0,0.0,0.42947433372037735,18.98060918373879,40.0,0.056028565344697925,1.0,0.06017129554378392,-6.269605049179596,0.3052803709438447,0.0,0.0,0.0,0.0,0.0
1,100,untrained,P_weak_F,120.0,44.509338224459256,0.4093878093341717,21.297760566584245,27.0,0.09769506816758784,0.5036062492565976,19.073274009536796,9.0,0.28308302745426656,0.529358952154185,16.246779724067352,5.0,0.37215574027302945,0.4760899425396376,18.561027986629234,10.0,0.30885741105008685,0.4188374897435376,17.19286845038868,119.0,0.41582578611786536,1.0,-0.0942184399224259,2.224486557047449,-0.18538795928667873,0.0,0.0,0.0,0.0,0.0
1,100,untrained,A,120.0,30.26441068156754,0.5269649720747348,12.894400004652647,6.0,0.24272646671941586,0.4054539899242591,13.789942351949772,25.0,0.06751702771474415,0.41679144437282967,13.560983292503916,93.0,0.0,0.4033512934076143,13.223833828661189,25.0,0.20388342424581243,0.4363819720236043,14.468026008478486,94.0,0.0,1.0,0.12151098215047573,-0.8955423472971251,0.17520943900467173,0.0,0.0,0.0,0.0,0.0
1,100,untrained,F,120.0,29.80479040336694,0.4094459203400784,14.799543180171332,102.0,0.026776114333911895,0.5238161960411456,11.486486339707591,5.0,0.3473697626324526,0.40104352249740005,17.363795912246285,120.0,0.40104352249740005,0.4939282140271527,11.62326624973166,7.0,0.34172527925205093,0.43206090704859645,13.857754628149484,12.0,0.08564869082561427,1.0,-0.11437027570106723,3.313056840463741,-0.3205936482985407,0.0,0.0,0.0,0.0,0.0
1,100,disconnected,P,120.0,39.63532628217973,0.43615945827178126,20.131438873050968,28.0,0.39368375455551746,0.452876201979154,17.199063690142548,54.0,0.0,0.5282483225566961,19.238479152534616,5.0,0.10167697461047207,0.4486448714062579,18.868853974086043,52.0,0.0,0.44604881313977396,16.520945434071315,53.0,0.012282452583974451,1.0,-0.01671674370737275,2.9323751829084195,0.39368375455551746,0.0,0.0,0.0,0.0,0.0
1,100,disconnected,P_weak_A,120.0,20.640632647498858,0.544354869010686,23.573094217710178,9.0,0.12884410236127106,0.45490858605751006,16.8494597685962,39.0,0.0,0.5265283649019259,19.515032002991116,5.0,0.1656812522393123,0.44476586298529613,16.67623475841448,39.0,0.0,0.4343896210019966,15.358136307823267,48.0,0.0,1.0,0.08944628295317592,6.723634449113977,0.12884410236127106,0.0,0.0,0.0,0.0,0.0
1,100,disconnected,P_weak_F,120.0,47.98382525415778,0.4286297833436203,21.027425065611503,117.0,0.4040757289128184,0.5496912352590438,15.370469662722062,7.0,0.03909554690755352,0.5257870627105504,20.655866927932642,5.0,0.0592075901816508,0.5443572103863021,14.921585520267897,8.0,0.0011858368124633724,0.49296013345209067,15.337871427151342,12.0,0.2191545156389306,1.0000000000000002,-0.12106145191542356,5.656955402889441,0.3649801820052649,0.0,0.0,0.0,0.0,0.0
1,100,disconnected,A,120.0,21.13715806789648,0.5606247803099402,23.113657535887732,5.0,0.07886104174297202,0.45202895723559006,16.804967205926104,34.0,0.0,0.41312006318187267,19.303013658549233,23.0,0.23736011367559828,0.4592614787185957,16.309840786938203,79.0,0.0,0.4638803695584518,15.745253317748531,41.0,0.0,1.0000000000000002,0.10859582307435017,6.308690329961628,0.07886104174297202,0.0,0.0,0.0,0.0,0.0
1,100,disconnected,F,120.0,48.32091948494897,0.4362413641471945,22.37629541364757,112.0,0.26368975894576535,0.5878605767950359,16.51556962054162,4.0,0.16937486296455992,0.3837715860430696,15.697394107922472,33.0,0.315852759384219,0.5721202600677586,15.58036522492639,5.0,0.06342354491602333,0.5084637059589212,16.8336507383584,9.0,0.30153059180894165,1.0000000000000002,-0.1516192126478414,5.860725793105949,0.09431489598120543,0.0,0.0,0.0,0.0,0.0
1,100,shared,P,120.0,50.953925283014,0.4681961947505221,20.813591820677168,19.0,0.36143886933474656,0.4673821908301818,14.297267496115822,37.0,0.361437520552563,0.6112236402744329,14.32703014812014,4.0,0.16713352487253053,0.4567983616506194,17.575880446642987,35.0,0.42419948614939357,0.4388466545698956,14.825559687118442,37.0,0.28614852094534216,0.9999999999999998,0.0008140039203403115,6.516324324561346,1.3487821835522773e-06,0.7111794655446312,0.683130551615897,0.02804891392873421,0.09542726125536377,0.25110289401955344
1,100,shared,P_weak_A,120.0,43.264413251663115,0.5057868109399856,26.771632836259393,8.0,0.4130619037805815,0.46825313407199837,22.014573852449562,31.0,0.4402848837316167,0.610563758391375,13.910095896835935,4.0,0.0,0.4704107038386399,21.836363848222536,31.0,0.4167760302269173,0.4877243929881988,19.914767896277272,36.0,0.10921250137570666,0.9999999999999998,0.0375336768679872,4.757058983809831,-0.02722297995103523,0.348067849313341,0.4243690469211645,-0.0763011976078235,0.09542726125536377,0.25110289401955344
1,100,shared,P_weak_F,120.0,48.920853929479634,0.48817586060793117,17.2677830603796,86.0,0.36596737198757795,0.5460694449953077,23.602610858777886,8.0,0.1692439060706846,0.6102548647516555,13.246688944927243,4.0,0.0,0.5230113865038054,22.48661997978701,9.0,0.15045703396046306,0.47242215186072467,19.82368809457717,12.0,0.36628057658227,0.9999999999999998,-0.05789358438737657,-6.334827798398287,0.19672346591689335,0.5090057252902085,0.5662032615650773,-0.05719753627486879,0.09542726125536377,0.25110289401955344
1,100,shared,A,120.0,39.62367921955983,0.5725868378685601,22.100635269610795,5.0,0.3129657977743729,0.47085397110134863,21.08988939607837,24.0,0.0,0.4535103802211401,7.5160321722843335,30.0,0.0,0.46794292330607556,21.58529827950289,70.0,0.0,0.5008934581564158,21.30474576907177,79.0,0.06165243944612331,0.9999999999999998,0.1017328667672115,1.010745873532425,0.3129657977743729,0.46151535411717237,0.32681807304576305,0.13469728107140932,0.09542726125536377,0.25110289401955344
1,100,shared,F,120.0,35.023614759212386,0.4424944046705225,24.037309883590304,29.0,0.0,0.5762405339465282,18.08468137322569,5.0,0.45169009260241727,0.4409807644214202,10.583770909879307,52.0,0.002906546356975478,0.5532559134603178,19.72391674157926,5.0,0.41840607047994316,0.5042977392958858,18.673241425295554,10.0,0.4146968403458634,1.0,-0.1337461292760057,5.952628510364615,-0.45169009260241727,0.24028492805101007,0.4547723428302071,-0.21448741477919706,0.09542726125536377,0.25110289401955344
1,200,untrained,P,120.0,15.586024379617362,0.412399806938581,13.927179264935784,25.0,0.0,0.37647766137393934,14.64522596324195,40.0,0.0,0.5306626417824976,12.639694028336965,5.0,0.31738523665502616,0.3935729483716024,14.280287753777657,36.0,0.0,0.403789379917897,15.274650166408147,39.0,0.0,0.9999999999999998,0.03592214556464168,-0.718046698306166,0.0,0.0,0.0,0.0,0.0,0.0
1,200,untrained,P_weak_A,120.0,35.72749249931316,0.49363340921369947,14.816682005262816,10.0,0.3052803709438447,0.43346211366991555,21.086287054442412,102.0,0.0,0.5296662885671058,15.1752931253076,5.0,0.009042359380940798,0.42105246371878813,21.147553540708078,101.0,0.0,0.42947433372037735,18.98060918373879,40.0,0.056028565344697925,1.0,0.06017129554378392,-6.269605049179596,0.3052803709438447,0.0,0.0,0.0,0.0,0.0
1,200,untrained,P_weak_F,120.0,44.509338224459256,0.4093878093341717,21.297760566584245,27.0,0.09769506816758784,0.5036062492565976,19.073274009536796,9.0,0.28308302745426656,0.529358952154185,16.246779724067352,5.0,0.37215574027302945,0.4760899425396376,18.561027986629234,10.0,0.30885741105008685,0.4188374897435376,17.19286845038868,119.0,0.41582578611786536,1.0,-0.0942184399224259,2.224486557047449,-0.18538795928667873,0.0,0.0,0.0,0.0,0.0
1,200,untrained,A,120.0,30.26441068156754,0.5269649720747348,12.894400004652647,6.0,0.24272646671941586,0.4054539899242591,13.789942351949772,25.0,0.06751702771474415,0.41679144437282967,13.560983292503916,93.0,0.0,0.4033512934076143,13.223833828661189,25.0,0.20388342424581243,0.4363819720236043,14.468026008478486,94.0,0.0,1.0,0.12151098215047573,-0.8955423472971251,0.17520943900467173,0.0,0.0,0.0,0.0,0.0
1,200,untrained,F,120.0,29.80479040336694,0.4094459203400784,14.799543180171332,102.0,0.026776114333911895,0.5238161960411456,11.486486339707591,5.0,0.3473697626324526,0.40104352249740005,17.363795912246285,120.0,0.40104352249740005,0.4939282140271527,11.62326624973166,7.0,0.34172527925205093,0.43206090704859645,13.857754628149484,12.0,0.08564869082561427,1.0,-0.11437027570106723,3.313056840463741,-0.3205936482985407,0.0,0.0,0.0,0.0,0.0
1,200,disconnected,P,120.0,49.4124514461238,0.41252501248949847,19.224578028285713,40.0,0.37337448726135003,0.5119488738911068,6.948773003141822,106.0,0.19161412915069787,0.5014343399190216,23.40547830492229,6.0,0.21878311844752635,0.48641468883939265,7.206054305930576,106.0,0.20376034704027074,0.45365990386929955,8.334320573376107,102.0,0.14761967041256563,1.0,-0.0994238614016083,12.27580502514389,0.18176035811065216,0.0,0.0,0.0,0.0,0.0
1,200,disconnected,P_weak_A,120.0,16.508974385440673,0.5167578812530209,27.739671725780987,8.0,0.3761705846379427,0.44670369956149764,8.583380305712296,79.0,0.0,0.4972587007835365,21.31136283888336,5.0,0.2311280372507662,0.40647064253488885,9.748709993890824,76.0,0.0,0.48026162477955686,7.645392179654766,81.0,0.0,1.0000000000000002,0.07005418169152328,19.15629142006869,0.3761705846379427,0.0,0.0,0.0,0.0,0.0
1,200,disconnected,P_weak_F,120.0,51.38339856457658,0.4021402368293915,23.5008042767638,22.0,0.0670069368593869,0.5496876955550433,6.619746110324462,7.0,0.17075689633690225,0.496727551345587,23.826996595996167,5.0,0.11329503742029252,0.5442085580243535,7.7750384278512685,7.0,0.3390017267664214,0.5148183875493797,6.506242265172574,11.0,0.013827340915199932,1.0000000000000002,-0.14754745872565178,16.881058166439338,-0.10374995947751535,0.0,0.0,0.0,0.0,0.0
1,200,disconnected,A,120.0,18.267849056380953,0.5493302363872626,27.9319269488344,5.0,0.2010846371921567,0.45411987396058884,8.617272697907357,70.0,0.0,0.4037058714244308,20.240010586619988,21.0,0.17688657460442375,0.39991683420748986,9.711345337472405,69.0,0.0,0.47467049573189185,7.875669713076794,72.0,0.0,1.0,0.0952103624266738,19.314654250927042,0.2010846371921567,0.0,0.0,0.0,0.0,0.0
1,200,disconnected,F,120.0,55.30937727659616,0.40729544354248387,23.683628136698548,20.0,0.30655882401978135,0.5976072083682807,7.399455473086157,4.0,0.38504942499199596,0.37028241757078495,18.952857024075943,30.0,0.0,0.5842676233101276,9.046258562255884,5.0,0.40633095164189237,0.5275144138508313,6.30577210962881,9.0,0.10127686858187834,0.9999999999999998,-0.19031176482579687,16.28417266361239,-0.07849060097221461,0.0,0.0,0.0,0.0,0.0
1,200,shared,P,120.0,47.07590602721516,0.4989318705378148,20.3264034969377,16.0,0.23815110725977648,0.5012227148652829,27.542025011720142,38.0,0.29915637936879597,0.6328519067008277,5.494506780060182,4.0,0.002922085470086772,0.502205040884632,29.029684816538698,37.0,0.2168420721291661,0.45495324017530575,28.58225803436673,40.0,0.29059615273642,1.0000000000000002,-0.0022908443274681223,-7.215621514782441,-0.06100527210901949,0.5794404414843981,0.6273750174405281,-0.04793457595613004,0.06490130352178786,0.2156328024262789
1,200,shared,P_weak_A,120.0,39.35471089150613,0.46788922668246424,22.581454510193748,8.0,0.2599159767456359,0.5016917708804908,28.611155232045228,34.0,0.25657393041927395,0.6321443362385067,5.484972425042516,4.0,0.0,0.5024890212259032,30.051707496630307,33.0,0.2684127178714809,0.5194105631191318,28.230876424183567,38.0,0.2419642634533275,0.9999999999999998,-0.03380254419802653,-6.02970072185148,0.003342046326361925,0.4806905715254816,0.544639032722933,-0.0639484611974514,0.06490130352178786,0.2156328024262789
1,200,shared,P_weak_F,120.0,37.703741832915256,0.45171295208431844,17.289382502017887,17.0,0.1948315569024639,0.5504167998041328,30.55560915033891,7.0,0.23036960385299116,0.6317531057628112,5.362933683324945,4.0,0.0,0.5420214889281425,30.92682564842649,8.0,0.2730977772034003,0.5270423779706149,27.062122330517656,55.0,0.145261300375664,0.9999999999999998,-0.09870384771981439,-13.266226648321023,-0.03553804695052726,0.2801306720292124,0.37116162721661794,-0.09103095518740556,0.06490130352178786,0.2156328024262789
1,200,shared,A,120.0,19.797879885892414,0.5680558712491938,25.956638822437633,5.0,0.0,0.5093120611334959,18.033408414014353,120.0,0.5093120611334959,0.44296546335320597,14.509069207658944,53.0,0.0,0.5217838161537792,19.052559133060477,119.0,0.5113652744866978,0.5034254723848612,15.93883921400917,32.0,0.28921808732189125,1.0,0.05874381011569785,7.923230408423279,-0.5093120611334959,0.006313011986932435,0.3469237202631314,-0.34061070827619894,0.06490130352178786,0.2156328024262789
1,200,shared,F,120.0,63.03548927567319,0.4573812589430034,23.68248481743884,77.0,0.13692428605373708,0.5933806014840087,19.370845285122364,4.0,0.4328473610439446,0.47859680021617423,5.967746214891814,113.0,0.31766828634202093,0.5797520221104441,20.077982962796995,5.0,0.40139768350232286,0.5363224079761757,17.524016378254895,9.0,0.20453161658617053,0.9999999999999998,-0.13599934254100532,4.311639532316477,-0.29592307499020754,0.713096220715274,0.7508635176576548,-0.03776729694238079,0.06490130352178786,0.2156328024262789
1,300,untrained,P,120.0,15.586024379617362,0.412399806938581,13.927179264935784,25.0,0.0,0.37647766137393934,14.64522596324195,40.0,0.0,0.5306626417824976,12.639694028336965,5.0,0.31738523665502616,0.3935729483716024,14.280287753777657,36.0,0.0,0.403789379917897,15.274650166408147,39.0,0.0,0.9999999999999998,0.03592214556464168,-0.718046698306166,0.0,0.0,0.0,0.0,0.0,0.0
1,300,untrained,P_weak_A,120.0,35.72749249931316,0.49363340921369947,14.816682005262816,10.0,0.3052803709438447,0.43346211366991555,21.086287054442412,102.0,0.0,0.5296662885671058,15.1752931253076,5.0,0.009042359380940798,0.42105246371878813,21.147553540708078,101.0,0.0,0.42947433372037735,18.98060918373879,40.0,0.056028565344697925,1.0,0.06017129554378392,-6.269605049179596,0.3052803709438447,0.0,0.0,0.0,0.0,0.0
1,300,untrained,P_weak_F,120.0,44.509338224459256,0.4093878093341717,21.297760566584245,27.0,0.09769506816758784,0.5036062492565976,19.073274009536796,9.0,0.28308302745426656,0.529358952154185,16.246779724067352,5.0,0.37215574027302945,0.4760899425396376,18.561027986629234,10.0,0.30885741105008685,0.4188374897435376,17.19286845038868,119.0,0.41582578611786536,1.0,-0.0942184399224259,2.224486557047449,-0.18538795928667873,0.0,0.0,0.0,0.0,0.0
1,300,untrained,A,120.0,30.26441068156754,0.5269649720747348,12.894400004652647,6.0,0.24272646671941586,0.4054539899242591,13.789942351949772,25.0,0.06751702771474415,0.41679144437282967,13.560983292503916,93.0,0.0,0.4033512934076143,13.223833828661189,25.0,0.20388342424581243,0.4363819720236043,14.468026008478486,94.0,0.0,1.0,0.12151098215047573,-0.8955423472971251,0.17520943900467173,0.0,0.0,0.0,0.0,0.0
1,300,untrained,F,120.0,29.80479040336694,0.4094459203400784,14.799543180171332,102.0,0.026776114333911895,0.5238161960411456,11.486486339707591,5.0,0.3473697626324526,0.40104352249740005,17.363795912246285,120.0,0.40104352249740005,0.4939282140271527,11.62326624973166,7.0,0.34172527925205093,0.43206090704859645,13.857754628149484,12.0,0.08564869082561427,1.0,-0.11437027570106723,3.313056840463741,-0.3205936482985407,0.0,0.0,0.0,0.0,0.0
1,300,disconnected,P,120.0,14.980077732983009,0.37460665145666844,15.890744258915825,49.0,0.0,0.0,0.0,1.0,0.0,0.45526083345193447,22.611819945846385,6.0,0.0,0.0,0.0,1.0,0.0,0.0,0.0,1.0,0.0,1.0000000000000002,0.37460665145666844,15.890744258915825,0.0,0.0,0.0,0.0,0.0,0.0
1,300,disconnected,P_weak_A,120.0,22.92432998157718,0.5162587752431187,16.709013866044046,62.0,0.0,0.0,0.0,1.0,0.0,0.4483039936175405,23.30640847603283,6.0,0.1772894337198749,0.0,0.0,1.0,0.0,0.0,0.0,1.0,0.0,1.0,0.5162587752431187,16.709013866044046,0.0,0.0,0.0,0.0,0.0,0.0
1,300,disconnected,P_weak_F,120.0,15.097588536100696,0.41488570326526714,13.151462668197102,52.0,0.0,0.544169350826374,11.824728747748217,7.0,0.0,0.4479811818200937,20.571600257778623,6.0,0.33405446782248793,0.5493880446797057,11.458282777932624,7.0,0.0,0.5221311865067367,11.36542356915028,10.0,0.0,0.9999999999999998,-0.12928364756110683,1.3267339204488842,0.0,0.0,0.0,0.0,0.0,0.0
1,300,disconnected,A,120.0,28.94122544675117,0.5328003968456237,14.05507604666766,5.0,0.14107420544997976,0.0,0.0,1.0,0.0,0.4009550530447027,19.436744120095256,99.0,0.03865122958800251,0.0,0.0,1.0,0.0,0.0052476017793641715,0.03689600202506226,102.0,0.0,1.0000000000000002,0.5328003968456237,14.05507604666766,0.14107420544997976,0.0,0.0,0.0,0.0,0.0
1,300,disconnected,F,120.0,29.66389086643943,0.41668151807462206,9.429375592997403,17.0,0.3912944620801615,0.6008999261974547,5.6341588294960845,4.0,0.0,0.35126868175997106,17.920692483926977,28.0,0.1986539218968521,0.5897907880684591,5.5426394232419725,4.0,0.0,0.5391274521286125,6.039164415742111,8.0,0.0,1.0,-0.18421840812283263,3.795216763501318,0.3912944620801615,0.0,0.0,0.0,0.0,0.0
1,300,shared,P,120.0,23.02351946918872,0.5070445953964181,6.5567202141351455,15.0,0.0,0.5055561178963353,27.904532320787006,39.0,0.3082732924672136,0.6512983783628421,5.366747601611719,3.0,0.0,0.5129667961285382,30.303864604247032,38.0,0.3263748768860122,0.4608200883372568,29.55507883039214,40.0,0.3010683586937542,1.0,0.001488477500082852,-21.34781210665186,-0.3082732924672136,0.03828012966319446,0.35249412774331657,-0.3142139980801221,0.010008611022800484,0.02142401858814935
1,300,shared,P_weak_A,120.0,23.23600406704111,0.43323994180189657,9.5128451813647,8.0,0.0,0.4991846128946196,28.750644032561706,37.0,0.29481755954687855,0.6507769704939627,5.3564556510216175,3.0,0.0,0.5007228999484862,31.25445458723896,36.0,0.3122790911603457,0.5019712492985536,29.378119388999654,40.0,0.30743576001607853,0.9999999999999998,-0.065944671092723,-19.237798851197006,-0.29481755954687855,0.04687845204610498,0.34150041037968043,-0.29462195833357546,0.010008611022800484,0.02142401858814935
1,300,shared,P_weak_F,120.0,21.998558238459044,0.4714746942171219,6.634412671414938,16.0,0.0,0.5474279763326454,30.58739140932331,7.0,0.3262835575093042,0.6506417539818923,5.24415937066944,3.0,0.0,0.5441037543369689,31.94542715224684,8.0,0.34106611881436405,0.541708716907205,29.333481802112942,54.0,0.30668369210334767,1.0000000000000002,-0.07595328211552349,-23.95297873790837,-0.3262835575093042,0.024737841871688385,0.3506378676174891,-0.32590002574580074,0.010008611022800484,0.02142401858814935
1,300,shared,A,120.0,31.792972917118288,0.558776742347273,26.708816610242014,5.0,0.08024805836358383,0.4977441900436988,18.078266090991804,27.0,0.0,0.0,0.0,1.0,0.0,0.5085449649711862,18.39772544149726,26.0,0.0,0.5266839538327984,19.421477191139424,32.0,0.0,0.9999999999999998,0.06103255230357424,8.63055051925021,0.08024805836358383,0.4692127784769286,0.36203416801098937,0.10717861046593924,0.010008611022800484,0.02142401858814935
1,300,shared,F,120.0,48.46191017463526,0.5419299831725856,21.729382974738385,116.0,0.4258840313270699,0.5962818915786801,17.516664493984173,4.0,0.29203266649644694,0.0,0.0,1.0,0.0,0.5880035642207198,19.14245914547471,5.0,0.31344375471990915,0.557115801091312,18.255101015620518,8.0,0.0,1.0,-0.054351908406094496,4.212718480754212,0.133851364830623,0.603592756053971,0.5214805776784127,0.08211217837555829,0.010008611022800484,0.02142401858814935
1,400,untrained,P,120.0,15.586024379617362,0.412399806938581,13.927179264935784,25.0,0.0,0.37647766137393934,14.64522596324195,40.0,0.0,0.5306626417824976,12.639694028336965,5.0,0.31738523665502616,0.3935729483716024,14.280287753777657,36.0,0.0,0.403789379917897,15.274650166408147,39.0,0.0,0.9999999999999998,0.03592214556464168,-0.718046698306166,0.0,0.0,0.0,0.0,0.0,0.0
1,400,untrained,P_weak_A,120.0,35.72749249931316,0.49363340921369947,14.816682005262816,10.0,0.3052803709438447,0.43346211366991555,21.086287054442412,102.0,0.0,0.5296662885671058,15.1752931253076,5.0,0.009042359380940798,0.42105246371878813,21.147553540708078,101.0,0.0,0.42947433372037735,18.98060918373879,40.0,0.056028565344697925,1.0,0.06017129554378392,-6.269605049179596,0.3052803709438447,0.0,0.0,0.0,0.0,0.0
1,400,untrained,P_weak_F,120.0,44.509338224459256,0.4093878093341717,21.297760566584245,27.0,0.09769506816758784,0.5036062492565976,19.073274009536796,9.0,0.28308302745426656,0.529358952154185,16.246779724067352,5.0,0.37215574027302945,0.4760899425396376,18.561027986629234,10.0,0.30885741105008685,0.4188374897435376,17.19286845038868,119.0,0.41582578611786536,1.0,-0.0942184399224259,2.224486557047449,-0.18538795928667873,0.0,0.0,0.0,0.0,0.0
1,400,untrained,A,120.0,30.26441068156754,0.5269649720747348,12.894400004652647,6.0,0.24272646671941586,0.4054539899242591,13.789942351949772,25.0,0.06751702771474415,0.41679144437282967,13.560983292503916,93.0,0.0,0.4033512934076143,13.223833828661189,25.0,0.20388342424581243,0.4363819720236043,14.468026008478486,94.0,0.0,1.0,0.12151098215047573,-0.8955423472971251,0.17520943900467173,0.0,0.0,0.0,0.0,0.0
1,400,untrained,F,120.0,29.80479040336694,0.4094459203400784,14.799543180171332,102.0,0.026776114333911895,0.5238161960411456,11.486486339707591,5.0,0.3473697626324526,0.40104352249740005,17.363795912246285,120.0,0.40104352249740005,0.4939282140271527,11.62326624973166,7.0,0.34172527925205093,0.43206090704859645,13.857754628149484,12.0,0.08564869082561427,1.0,-0.11437027570106723,3.313056840463741,-0.3205936482985407,0.0,0.0,0.0,0.0,0.0
1,400,disconnected,P,120.0,8.136264642693863,0.3498616410022805,15.837205595872092,56.0,0.0,0.0,0.0,1.0,0.0,0.42954606688103086,24.33973615740831,6.0,0.0007056758036598329,0.0,0.0,1.0,0.0,0.0,0.0,1.0,0.0,1.0,0.3498616410022805,15.837205595872092,0.0,0.0,0.0,0.0,0.0,0.0
1,400,disconnected,P_weak_A,120.0,20.135724933406454,0.4716825838221488,14.087463740433066,67.0,0.0,0.0,0.0,1.0,0.0,0.42365039798233434,24.680358789880927,1.0,0.16408846182292144,0.0,0.0,1.0,0.0,0.0,0.0,1.0,0.0,1.0000000000000002,0.4716825838221488,14.087463740433066,0.0,0.0,0.0,0.0,0.0,0.0
1,400,disconnected,P_weak_F,81.0,0.23254302026381096,0.4371607996702408,11.835850227763792,17.0,0.0,0.5381496670123679,11.218151374996065,7.0,0.0,0.42365039798233434,14.362285972658963,1.0,0.0,0.5505733038299081,10.988478249149424,7.0,0.0,0.52462073901273,10.996990837566738,10.0,0.0,1.0,-0.10098886734212709,0.6176988527677274,0.0,0.0,0.0,0.0,0.0,0.0
1,400,disconnected,A,120.0,19.062327415007786,0.5267403788438157,22.194441449885908,4.0,0.3024788936112191,0.0,0.0,1.0,0.0,0.31356202552562057,17.22699483572611,21.0,0.17495781178128217,0.0,0.0,1.0,0.0,0.0,0.0,1.0,0.0,0.9999999999999998,0.5267403788438157,22.194441449885908,0.3024788936112191,0.0,0.0,0.0,0.0,0.0
1,400,disconnected,F,49.0,0.7015981786942326,0.44122126192195976,5.952141842201208,15.0,0.0,0.601831677171086,5.5826767286714425,4.0,0.0,0.34910729416395764,5.804196103263035,24.0,0.0,0.6007276664462118,5.457883492170296,4.0,0.0,0.5419544439430793,6.036715012834432,8.0,0.0,0.9999999999999998,-0.16061041524912623,0.3694651135297651,0.0,0.0,0.0,0.0,0.0,0.0
1,400,shared,P,120.0,21.812062459048025,0.5130330247033953,6.034243430929097,15.0,0.0,0.5172687562091798,28.450521855436183,39.0,0.31142366605998545,0.6604652976025035,5.30226988242338,3.0,0.0,0.5184756658568018,30.59204584950274,38.0,0.32243865066407945,0.4580502851639986,29.70843790742624,41.0,0.30679245227177554,1.0000000000000002,-0.00423573150578449,-22.416278424507084,-0.31142366605998545,0.057063824880548404,0.33787986268520254,-0.28081603780465414,-0.027533261646125684,0.03544634339949826
1,400,shared,P_weak_A,120.0,21.315906564361786,0.41995535304892434,9.462361151528807,7.0,0.0,0.5181314764276408,28.726713536004684,38.0,0.3013238161913318,0.6599263772350046,5.286146386277695,3.0,0.0,0.5073911169380165,31.110478347133288,37.0,0.3132003233057217,0.4914080339481151,29.688927575286506,40.0,0.3111095937207353,1.0000000000000002,-0.09817612337871645,-19.264352384475877,-0.3013238161913318,0.05592859968250861,0.3289283447892145,-0.2729997451067059,-0.027533261646125684,0.03544634339949826
1,400,shared,P_weak_F,120.0,22.47456832203389,0.48230672984044237,6.050870628471626,16.0,0.0,0.5529495915730331,31.499462245844608,7.0,0.27415958883617414,0.6597776966213322,5.171607010561766,3.0,0.0,0.545383370247712,32.6991226013919,8.0,0.29130504114251987,0.547599129404138,29.695038368129282,53.0,0.3032716551895863,1.0000000000000002,-0.07064286173259077,-25.448591617372983,-0.27415958883617414,0.052538381045785246,0.3199424601367664,-0.2674040790909812,-0.027533261646125684,0.03544634339949826
1,400,shared,A,120.0,32.00036456413305,0.5579438105991766,22.07007087313869,4.0,0.47043012828563197,0.507470847888651,22.487253808770042,28.0,0.3363963612878522,0.0,0.0,1.0,0.0,0.5125097516340001,23.04210914764068,26.0,0.32926711153737187,0.5354690941742105,21.1656346105178,32.0,0.2994587150227143,1.0,0.05047296271052559,-0.41718293563135234,0.13403376699777975,0.35035504868592426,0.4693044350010009,-0.11894938631507662,-0.027533261646125684,0.03544634339949826
1,400,shared,F,120.0,35.52449079090744,0.5229786568202736,17.724395290829115,106.0,0.19091106787876674,0.6028813177293874,25.196379940487578,4.0,0.05843101940372395,0.0,0.0,1.0,0.0,0.59450384368478,26.93168270905565,4.0,0.021974432328432346,0.5620400201096485,26.80784585014075,8.0,0.3160898877237647,1.0,-0.0799026609091138,-7.471984649658463,0.1324800484750428,0.40157807916866245,0.35652427838362494,0.04505380078503751,-0.027533261646125684,0.03544634339949826
1,500,untrained,P,120.0,15.586024379617362,0.412399806938581,13.927179264935784,25.0,0.0,0.37647766137393934,14.64522596324195,40.0,0.0,0.5306626417824976,12.639694028336965,5.0,0.31738523665502616,0.3935729483716024,14.280287753777657,36.0,0.0,0.403789379917897,15.274650166408147,39.0,0.0,0.9999999999999998,0.03592214556464168,-0.718046698306166,0.0,0.0,0.0,0.0,0.0,0.0
1,500,untrained,P_weak_A,120.0,35.72749249931316,0.49363340921369947,14.816682005262816,10.0,0.3052803709438447,0.43346211366991555,21.086287054442412,102.0,0.0,0.5296662885671058,15.1752931253076,5.0,0.009042359380940798,0.42105246371878813,21.147553540708078,101.0,0.0,0.42947433372037735,18.98060918373879,40.0,0.056028565344697925,1.0,0.06017129554378392,-6.269605049179596,0.3052803709438447,0.0,0.0,0.0,0.0,0.0
1,500,untrained,P_weak_F,120.0,44.509338224459256,0.4093878093341717,21.297760566584245,27.0,0.09769506816758784,0.5036062492565976,19.073274009536796,9.0,0.28308302745426656,0.529358952154185,16.246779724067352,5.0,0.37215574027302945,0.4760899425396376,18.561027986629234,10.0,0.30885741105008685,0.4188374897435376,17.19286845038868,119.0,0.41582578611786536,1.0,-0.0942184399224259,2.224486557047449,-0.18538795928667873,0.0,0.0,0.0,0.0,0.0
1,500,untrained,A,120.0,30.26441068156754,0.5269649720747348,12.894400004652647,6.0,0.24272646671941586,0.4054539899242591,13.789942351949772,25.0,0.06751702771474415,0.41679144437282967,13.560983292503916,93.0,0.0,0.4033512934076143,13.223833828661189,25.0,0.20388342424581243,0.4363819720236043,14.468026008478486,94.0,0.0,1.0,0.12151098215047573,-0.8955423472971251,0.17520943900467173,0.0,0.0,0.0,0.0,0.0
1,500,untrained,F,120.0,29.80479040336694,0.4094459203400784,14.799543180171332,102.0,0.026776114333911895,0.5238161960411456,11.486486339707591,5.0,0.3473697626324526,0.40104352249740005,17.363795912246285,120.0,0.40104352249740005,0.4939282140271527,11.62326624973166,7.0,0.34172527925205093,0.43206090704859645,13.857754628149484,12.0,0.08564869082561427,1.0,-0.11437027570106723,3.313056840463741,-0.3205936482985407,0.0,0.0,0.0,0.0,0.0
1,500,disconnected,P,120.0,12.520134740696435,0.31598807351688124,8.289702833091317,64.0,0.0,0.0,0.0,1.0,0.0,0.427848929613702,24.343403325987204,7.0,0.2598672558990573,0.0,0.0,1.0,0.0,0.0,0.0,1.0,0.0,1.0,0.31598807351688124,8.289702833091317,0.0,0.0,0.0,0.0,0.0,0.0
1,500,disconnected,P_weak_A,120.0,9.915344111981625,0.43137028085750073,13.697298781589149,8.0,0.0,0.0,0.0,1.0,0.0,0.42151883887199054,23.25012566659431,1.0,0.3152597932119432,0.0,0.0,1.0,0.0,0.0,0.0,1.0,0.0,1.0,0.43137028085750073,13.697298781589149,0.0,0.0,0.0,0.0,0.0,0.0
1,500,disconnected,P_weak_F,75.0,0.4617082749968732,0.45819728197099446,11.217286846380597,16.0,0.0,0.5326649366223921,10.949868648436421,7.0,0.0,0.42151883887199054,13.950084721235424,1.0,0.0,0.5493177191791859,10.79164611655699,7.0,0.0,0.5247926613121571,10.80872242260246,10.0,0.0,1.0,-0.07446765465139765,0.2674181979441759,0.0,0.0,0.0,0.0,0.0,0.0
1,500,disconnected,A,120.0,14.938907824227153,0.5238563251328765,8.571674247603942,4.0,0.0,0.0,0.0,1.0,0.0,0.29850207610897256,16.298200801687976,43.0,0.2559207305432303,0.0,0.0,1.0,0.0,0.0,0.0,1.0,0.0,1.0,0.5238563251328765,8.571674247603942,0.0,0.0,0.0,0.0,0.0,0.0
1,500,disconnected,F,47.0,0.484344213798123,0.4614647030408173,5.670500208919581,14.0,0.0,0.6011873563324684,5.566155454720995,4.0,0.0,0.3688045871164791,5.846695523470007,22.0,0.0,0.6059603274876558,5.403856745440635,4.0,0.0,0.54333990065037,6.099522628504722,8.0,0.0,0.9999999999999998,-0.13972265329165112,0.10434475419858558,0.0,0.0,0.0,0.0,0.0,0.0
1,500,shared,P,120.0,17.46564663223868,0.5149921271008715,5.988140297570784,15.0,0.0,0.5255966233037677,28.821607855774452,39.0,0.3098800211898632,0.6666072058267979,5.278133438783085,3.0,0.0,0.5216128133138023,30.81061061631693,38.0,0.3224034286970087,0.4622176228440586,29.514952230734487,43.0,0.3173100925882083,1.0,-0.010604496202896163,-22.83346755820367,-0.3098800211898632,0.04636481486127512,0.36692988001016863,-0.3205650651488935,-0.04120486041173699,0.006004587570540898
1,500,shared,P_weak_A,120.0,17.1869540204329,0.41784206753406955,9.525085394849478,7.0,0.0,0.5299696985689892,28.944639376300664,39.0,0.314936589820161,0.6660464259545507,5.257355745088011,3.0,0.0,0.5107094603184669,31.218522113972806,38.0,0.32319808593191,0.48608207602181713,29.653802213303873,40.0,0.3192501247346767,1.0,-0.11212763103491968,-19.419553981451187,-0.314936589820161,0.04944228445349799,0.36372788978667214,-0.3142856053331742,-0.04120486041173699,0.006004587570540898
1,500,shared,P_weak_F,120.0,17.04139212993096,0.48684737769623093,6.011384855682207,16.0,0.0,0.5577701483194136,31.911917410972713,7.0,0.28178009509409024,0.6658897312748773,5.1483111659679714,3.0,0.0,0.5499822342496381,32.96858675627595,7.0,0.29887202983391786,0.545591552192551,29.687684608525622,53.0,0.3097465002800816,0.9999999999999998,-0.0709227706231827,-25.900532555290503,-0.28178009509409024,0.04658040450756444,0.35806567160672953,-0.3114852670991651,-0.04120486041173699,0.006004587570540898
1,500,shared,A,120.0,32.31802754857471,0.5598241623385952,20.422846249544975,4.0,0.0,0.5192734963475775,21.70846406187244,28.0,0.22890758229148783,0.0,0.0,1.0,0.0,0.5205878690880626,22.49342847760889,27.0,0.22233368249993363,0.5375214259895192,20.031737955372023,32.0,0.3167801724079352,1.0,0.040550665991017754,-1.285617812327466,-0.22890758229148783,0.26706969412845705,0.44607858172201276,-0.1790088875935557,-0.04120486041173699,0.006004587570540898
1,500,shared,F,120.0,21.405263886148145,0.4248937393844317,9.510778276649788,62.0,0.0,0.6086711793014038,24.880688528510916,4.0,0.27786903935848417,0.0,0.0,1.0,0.0,0.6014554930325505,28.076582993669064,4.0,0.2998209068191032,0.5620043791646774,24.794739947059103,7.0,0.22380070392117363,0.9999999999999998,-0.1837774399169721,-15.369910251861128,-0.27786903935848417,0.0644010662894086,0.33964058943166425,-0.27523952314225564,-0.04120486041173699,0.006004587570540898
