brain,repetition,cue,experience_strength_sum,experience_strength_mean
1,1,A,147.7158792028372,0.6154828300118216
1,1,F,156.76162846839827,0.6531734519516594
1,2,F,160.3960942301629,0.6683170592923454
1,2,A,152.14994524759325,0.6339581051983052
1,3,A,155.09567539540686,0.6462319808141952
1,3,F,164.7172144501204,0.6863217268755016
1,4,F,168.0831452522977,0.7003464385512405
1,4,A,158.55900300809137,0.660662512533714
1,5,A,161.24455332515103,0.6718523055214626
1,5,F,171.4518371534237,0.7143826548059321
1,6,F,174.41358654591625,0.726723277274651
1,6,A,163.99968350790826,0.6833320146162845
1,7,A,166.44267071996398,0.6935111279998499
1,7,F,177.0266449447661,0.7376110206031921
1,8,F,179.7864620205469,0.7491102584189454
1,8,A,168.62258125531054,0.7025940885637939
1,9,A,170.8974178700209,0.7120725744584203
1,9,F,181.90355481376392,0.757931478390683
1,10,F,184.49696052147695,0.768737335506154
1,10,A,172.66947342437106,0.7194561392682127
1,11,A,174.79208396822582,0.7283003498676076
1,11,F,186.21711916125219,0.7759046631718841
1,12,F,188.6787392038626,0.7861614133494275
1,12,A,176.23488748225316,0.7343120311760548
1,13,A,178.2015962859569,0.7425066511914871
1,13,F,190.094694264421,0.7920612261017542
1,14,F,192.41495588306975,0.8017289828461239
1,14,A,179.39236006270386,0.7474681669279327
1,15,A,181.29070384591694,0.7553779326913206
1,15,F,193.59596276144765,0.8066498448393652
1,16,F,195.78064681947285,0.8157526950811369
1,16,A,182.27180655858547,0.7594658606607728
1,17,A,184.10625449147972,0.7671093937144988
1,17,F,196.77745982869396,0.8199060826195582
1,18,F,198.8792202087057,0.8286634175362738
1,18,A,184.9500238405879,0.7706250993357829
1,19,A,186.71470788355762,0.7779779495148235
1,19,F,199.7397733673377,0.8322490556972404
1,20,F,201.7719836347244,0.8407165984780183
1,20,A,187.44095969526097,0.7810039987302541
1,21,A,189.16056026294007,0.7881690010955836
1,21,F,202.53988835963045,0.8439162014984603
1,22,F,204.49110342319563,0.8520462642633151
1,22,A,189.79236714117152,0.7908015297548814
1,23,A,191.46549692837576,0.7977729038682323
1,23,F,205.1791803386326,0.8549132514109691
1,24,F,207.10639179111428,0.8629432991296428
1,24,A,192.02416178280086,0.8001006740950036
1,25,A,193.67153898542222,0.8069647457725926
1,25,F,207.72732379527122,0.86553051581363
1,26,F,209.63637679260242,0.87348490330251
1,26,A,194.16804704579755,0.8090335293574898
1,27,A,195.79488706456254,0.8158120294356773
1,27,F,210.20894177987128,0.8758705907494637
1,28,F,212.09815393278384,0.883742308053266
1,28,A,196.24041948857632,0.8176684145357347
1,29,A,197.8432422631625,0.824346842763177
1,29,F,212.6283560060412,0.885951483358505
1,30,F,214.511245696355,0.8937968570681458
1,30,A,198.2503441640235,0.8260431006834312
1,31,A,199.81838945049682,0.8325766227104034
1,31,F,215.0005221636102,0.8958355090150426
1,32,F,216.87576886784524,0.9036490369493552
1,32,A,200.201883140181,0.8341745130840875
1,33,A,201.73598996520764,0.8405666248550319
1,33,F,217.33459046928405,0.9055607936220169
1,34,F,219.2249447779242,0.9134372699080175
1,34,A,202.100777900386,0.8420865745849416
1,35,A,203.59367531157415,0.8483069804648923
1,35,F,219.65680723188356,0.9152366967995148
1,36,F,221.54538613986614,0.9231057755827756
1,36,A,203.95055009723927,0.849793958738497
1,37,A,205.41606820957867,0.8559002842065778
1,37,F,221.95111699264558,0.9247963208026899
1,38,F,223.8198651453144,0.93258277143881
1,38,A,205.75705003418676,0.8573210418091115
1,39,A,207.20688620425685,0.8633620258510702
1,39,F,224.214703395907,0.9342279308162792
1,40,F,226.04827319510017,0.941867804979584
1,40,A,207.5268758955074,0.8646953162312808
1,41,A,208.96810004461128,0.870700416852547
1,41,F,226.427435487796,0.9434476478658167
1,42,F,228.2201212128952,0.9509171717203967
1,42,A,209.27670380126153,0.8719862658385897
1,43,A,210.7131981162574,0.8779716588177391
1,43,F,228.62255660665275,0.9525939858610531
1,44,F,230.39901553256664,0.959995898052361
1,44,A,211.0503072834764,0.8793762803478183
1,45,A,212.49567820612742,0.8853986591921976
1,45,F,230.82683906079635,0.9617784960866514
1,46,F,232.60438820921064,0.969184950871711
1,46,A,212.85303773780623,0.8868876572408593
1,47,A,214.31913229779215,0.892996384574134
1,47,F,233.05685904131946,0.9710702460054977
1,48,F,234.82028661544052,0.9784178608976688
1,48,A,214.68819646401673,0.894534151933403
1,49,A,216.13453711594025,0.9005605713164176
1,49,F,235.26213837415656,0.980258909892319
1,50,F,237.00293420733018,0.9875122258638758
1,50,A,216.491035760222,0.9020459823342583
1,51,A,217.90306883005096,0.9079294534585457
1,51,F,237.43124160890665,0.989296840037111
1,52,F,239.15393694036223,0.9964747372515093
1,52,A,218.24980983264692,0.9093742076360288
1,53,A,219.63757811400814,0.9151565754750339
1,53,F,239.55676014307292,0.9981531672628038
1,54,F,241.26456447603078,1.0052690186501283
1,54,A,220.01883806712362,0.9167451586130151
1,55,A,221.38105411463914,0.9224210588109965
1,55,F,241.6395531560715,1.0068314714836313
1,56,F,243.34529278825352,1.0139387199510563
1,56,A,221.72224917965812,0.9238427049152421
1,57,A,223.0434211730465,0.9293475882210271
1,57,F,243.74322247470133,1.0155967603112555
1,58,F,245.4020888842391,1.0225087036843297
1,58,A,223.34506628368428,0.9306044428486845
1,59,A,224.66483401527387,0.9361034750636411
1,59,F,245.76841249991278,1.02403505208297
1,60,F,247.36010439388673,1.0306671016411948
1,60,A,224.96269388640735,0.9373445578600307
1,61,A,226.24520372093616,0.942688348837234
1,61,F,247.6978001591639,1.0320741673298497
1,62,F,249.28142185862583,1.0386725910776076
1,62,A,226.4996312978739,0.9437484637411412
1,63,A,227.74580507638447,0.9489408544849353
1,63,F,249.5862550972506,1.0399427295718775
1,64,F,251.17224686116242,1.0465510285881767
1,64,A,227.98020660947927,0.949917527539497
1,65,A,229.22246480301789,0.9550936033459079
1,65,F,251.43798092569395,1.047658253857058
1,66,F,253.031858981556,1.05429941242315
1,66,A,229.45186339660415,0.9560494308191839
1,67,A,230.68991214559307,0.9612079672733045
1,67,F,253.2866110394143,1.055360879330893
1,68,F,254.87702631830035,1.0619876096595848
1,68,A,230.89918078789054,0.9620799199495439
1,69,A,232.1293109428578,0.9672054622619075
1,69,F,255.11098265656392,1.062962427735683
1,70,F,256.69401646517105,1.0695584019382127
1,70,A,232.31767497896186,0.9679903124123411
1,71,A,233.55218561166257,0.9731341067152607
1,71,F,256.9086542442974,1.0704527260179058
1,72,F,258.5004892488785,1.0770853718703273
1,72,A,233.72140512387526,0.9738391880161469
1,73,A,234.9601426568396,0.9790005944034983
1,73,F,258.6858415221617,1.077857673009007
1,74,F,260.26194945293463,1.0844247893872276
1,74,A,235.10584753956294,0.9796076980815123
1,75,A,236.3372149069184,0.9847383954454934
1,75,F,260.4180102361505,1.085075042650627
1,76,F,261.99350950923326,1.0916396229551386
1,76,A,236.47338971976643,0.9853057904990268
1,77,A,237.66913816158902,0.9902880756732876
1,77,F,262.12231621258513,1.0921763175524382
1,78,F,263.6892630968706,1.0987052629036276
1,78,A,237.79142014744815,0.9907975839477007
1,79,A,238.95750541988843,0.9956562725828685
1,79,F,263.8198788092408,1.0992494950385032
1,80,F,265.39330909523466,1.1058054545634777
1,80,A,239.0622346249655,0.9960926442706896
1,81,A,240.22910001459496,1.0009545833941458
1,81,F,265.5022553735392,1.1062593973897465
1,82,F,267.0765895677385,1.1128191231989104
1,82,A,240.31278295912804,1.0013032623297002
1,83,A,241.49050423862408,1.0062104343276004
1,83,F,267.1733599013937,1.1132223329224737
1,84,F,268.74972070775425,1.119790502948976
1,84,A,241.56093938448697,1.006503914102029
1,85,A,242.7391207267099,1.011413003027958
1,85,F,268.84305050287355,1.1201793770953066
1,86,F,270.4309876969323,1.1267957820705512
1,86,A,242.78463426836174,1.0116026427848406
1,87,A,243.97187958432184,1.0165494982680077
1,87,F,270.51791661338336,1.1271579858890974
1,88,F,272.08566851723674,1.1336902854884865
1,88,A,243.9811939886338,1.0165883082859741
1,89,A,245.16252299338055,1.0215105124724189
1,89,F,272.1040383497396,1.1337668264572482
1,90,F,273.6540702596551,1.140225292748563
1,90,A,245.12125926004373,1.0213385802501822
1,91,A,246.28266092105275,1.0261777538377197
1,91,F,273.6439953850221,1.1401833141042588
1,92,F,275.1705453097761,1.146543938790734
1,92,A,246.22987918962957,1.02595782995679
1,93,A,247.37958971989184,1.0307482904995493
1,93,F,275.13370514961275,1.1463904381233865
1,94,F,276.6486784123242,1.1527028267180175
1,94,A,247.31059840553706,1.0304608266897377
1,95,A,248.45670903828892,1.0352362876595371
1,95,F,276.59370234378144,1.152473759765756
1,96,F,278.10886942315346,1.158786955929806
1,96,A,248.36219367994755,1.034842473666448
1,97,A,249.48476340731872,1.0395198475304948
1,97,F,278.0409515661403,1.158503964858918
1,98,F,279.54632632976194,1.1647763597073415
1,98,A,249.36810329300476,1.039033763720853
1,99,A,250.48212203244418,1.0436755084685174
1,99,F,279.4657216404499,1.164440506835208
1,100,F,280.958974513425,1.1706623938059375
1,100,A,250.34775305635924,1.04311563773483
1,101,A,251.45772085784512,1.0477405035743546
1,101,F,280.8703946709542,1.170293311128976
1,102,F,282.35495659528414,1.176478985813684
1,102,A,251.30621004157527,1.0471092085065636
1,103,A,252.40548117642714,1.0516895049017798
1,103,F,282.25071134953316,1.1760446306230548
1,104,F,283.71889195268744,1.1821620498028644
1,104,A,252.2455489114905,1.0510231204645437
1,105,A,253.33422578836542,1.0555592741181892
1,105,F,283.5960030718761,1.1816500127994838
1,106,F,285.0601948401685,1.1877508118340354
1,106,A,253.1720630911691,1.0548835962132046
1,107,A,254.25148886305266,1.0593812035960528
1,107,F,284.9323444224116,1.1872181017600483
1,108,F,286.37863085038424,1.1932442952099342
1,108,A,254.07183023110892,1.058632625962954
1,109,A,255.14366537094304,1.0630986057122627
1,109,F,286.22675965890426,1.1926114985787677
1,110,F,287.66606719766463,1.1986086133236027
1,110,A,254.95216393834497,1.0623006830764374
1,111,A,256.02044501494635,1.0667518542289431
1,111,F,287.4888883658275,1.197870368190948
1,112,F,288.93325573472487,1.2038885655613536
1,112,A,255.82112448216176,1.0659213520090074
1,113,A,256.8734145031888,1.0703058937632868
1,113,F,288.7283184294745,1.2030346601228104
1,114,F,290.17553161144923,1.2090647150477052
1,114,A,256.66110101810796,1.0694212542421164
1,115,A,257.713126410547,1.0738046933772791
1,115,F,289.9507774238617,1.2081282392660906
1,116,F,291.385383431132,1.2141057642963835
1,116,A,257.4929506260543,1.0728872942752263
1,117,A,258.5367168417428,1.0772363201739283
1,117,F,291.1415162273464,1.2130896509472768
1,118,F,292.55742188987904,1.218989257874496
1,118,A,258.306360209572,1.0762765008732167
1,119,A,259.34020745528437,1.0805841977303516
1,119,F,292.2976651003032,1.2179069379179301
1,120,F,293.704398528841,1.2237683272035043
1,120,A,259.1030823986563,1.0795961766610678
1,121,A,260.12147810470924,1.0838394921029553
1,121,F,293.4224092224024,1.22259337176001
1,122,F,294.80807538655046,1.2283669807772937
1,122,A,259.86122989802334,1.0827551245750973
1,123,A,260.86376173037826,1.0869323405432427
1,123,F,294.51263261586496,1.2271359692327706
1,124,F,295.90248699271376,1.2329270291363073
1,124,A,260.6002063264832,1.0858341930270135
1,125,A,261.59389841643184,1.0899745767351328
1,125,F,295.5867256523169,1.2316113568846536
1,126,F,296.96011477615417,1.2373338115673091
1,126,A,261.3207684697122,1.0888365352904676
1,127,A,262.30924106332,1.0929551710971666
1,127,F,296.6408422708636,1.2360035094619315
1,128,F,298.0111609780319,1.2417131707417997
1,128,A,262.02617817901313,1.0917757424125547
1,129,A,263.00671754180166,1.0958613230908403
1,129,F,297.6769556982232,1.2403206487425966
1,130,F,299.0356582086189,1.2459819092025788
1,130,A,262.7063063891621,1.094609609954842
1,131,A,263.68072487158645,1.0986696869649435
1,131,F,298.6961879171094,1.2445674496546224
1,132,F,300.0470394287675,1.2501959976198647
1,132,A,263.36614091362037,1.0973589204734182
1,133,A,264.33387994160853,1.1013911664233689
1,133,F,299.70321237915726,1.2487633849131552
1,134,F,301.04687171817324,1.2543619654923885
1,134,A,264.0127883879503,1.100053284949793
1,135,A,264.97453967297207,1.104060581970717
1,135,F,300.69489506384264,1.2528953960993443
1,136,F,302.0323332141219,1.2584680550588412
1,136,A,264.6414846779701,1.1026728528248753
1,137,A,265.60440413319924,1.1066850172216636
1,137,F,301.6843069010685,1.2570179454211188
1,138,F,303.00277208766795,1.262511550365283
1,138,A,265.2640028913019,1.105266678713758
1,139,A,266.22059120846546,1.109252463368606
1,139,F,302.6425610927952,1.26101067121998
1,140,F,303.94819891070466,1.2664508287946028
1,140,A,265.8686503352866,1.107786043063694
1,141,A,266.82183297307427,1.1117576373878095
1,141,F,303.5882513652786,1.2649510473553276
1,142,F,304.88227059346855,1.2703427941394523
1,142,A,266.4551682024918,1.1102298675103826
1,143,A,267.3975022599633,1.1141562594165138
1,143,F,304.5138494513192,1.2688077060471632
1,144,F,305.79298460315874,1.2741374358464947
1,144,A,267.0192625738141,1.1125802607242254
1,145,A,267.95489188790583,1.1164787161996077
1,145,F,305.4098860906091,1.2725411920442047
1,146,F,306.6879952514972,1.2778666468812385
1,146,A,267.5744932246471,1.1148937217693629
1,147,A,268.504504523146,1.1187687688464416
1,147,F,306.295877734061,1.2762328238919207
1,148,F,307.5726512979745,1.2815527137415605
1,148,A,268.12065250409427,1.1171693854337261
1,149,A,269.03961028031074,1.1209983761679614
1,149,F,307.1758338393835,1.2798993076640979
1,150,F,308.44894498454516,1.2852039374356048
1,150,A,268.6502069502154,1.1193758622925642
1,151,A,269.5638792400184,1.1231828301667435
1,151,F,308.0427837924141,1.283511599135059
1,152,F,309.3126978358066,1.2888029076491943
1,152,A,269.16477785564666,1.1215199077318612
1,153,A,270.0748748490783,1.1253119785378263
1,153,F,308.8981567116675,1.2870756529652814
1,154,F,310.16342068539564,1.2923475861891485
1,154,A,269.6752400157267,1.1236468333988612
1,155,A,270.58154560363937,1.1274231066818308
1,155,F,309.7434491042685,1.2905977046011188
1,156,F,311.00833588717694,1.2958680661965707
1,156,A,270.18153149329476,1.1257563812220615
1,157,A,271.08296104412346,1.1295123376838478
1,157,F,310.5770949746909,1.2940712290612122
1,158,F,311.84124343791893,1.2993385143246623
1,158,A,270.67952008177485,1.127831333674062
1,159,A,271.5750422931952,1.1315626762216469
1,159,F,311.3966540004438,1.2974860583351824
1,160,F,312.65230556977735,1.3027179398740723
1,160,A,271.1735632971576,1.12988984707149
1,161,A,272.06072506120273,1.133586354421678
1,161,F,312.1946374217837,1.300810989257432
1,162,F,313.4431931899775,1.3060133049582394
1,162,A,271.6572715478968,1.1319052981162367
1,163,A,272.5397771735934,1.1355824048899725
1,163,F,312.97615819624673,1.3040673258176947
1,164,F,314.2157754958805,1.3092323978995022
1,164,A,272.1316765493527,1.1338819856223028
1,165,A,273.01110908398323,1.13754628784993
1,165,F,313.73460328340343,1.3072275136808476
1,166,F,314.9693424184905,1.3123722600770438
1,166,A,272.59719681292523,1.1358216533871885
1,167,A,273.46997686693123,1.1394582369455468
1,167,F,314.4734491526357,1.310306038135982
1,168,F,315.70558001013995,1.3154399167089166
1,168,A,273.04501330200696,1.137687555425029
1,169,A,273.9150865357312,1.1413128605655465
1,169,F,315.20102465345707,1.3133376027227377
1,170,F,316.43852845675997,1.3184938685698333
1,170,A,273.48514183454074,1.1395214243105865
1,171,A,274.3526982968988,1.1431362429037448
1,171,F,315.926940523526,1.3163622521813585
1,172,F,317.1622183581002,1.3215092431587507
1,172,A,273.915876424125,1.1413161517671875
1,173,A,274.79301297031833,1.1449708873763265
1,173,F,316.6455988485389,1.319356661868912
1,174,F,317.8787556400213,1.3244948151667555
1,174,A,274.35251691890807,1.1431354871621169
1,175,A,275.2337332176919,1.1468072217403829
1,175,F,317.3586286922731,1.322327619551138
1,176,F,318.5833298526979,1.327430541052908
1,176,A,274.78994803653046,1.144958116818877
1,177,A,275.67074621713033,1.148628109238043
1,177,F,318.0610633856918,1.3252544307737157
1,178,F,319.2778974859151,1.3303245728579796
1,178,A,275.2229215748495,1.1467621732285396
1,179,A,276.10621214800943,1.150442550616706
1,179,F,318.7482003608999,1.3281175015037496
1,180,F,319.9563681560709,1.3331515339836286
1,180,A,275.65135816578305,1.1485473256907628
1,181,A,276.5338903374854,1.1522245430728557
1,181,F,319.4248519807038,1.3309368832529325
1,182,F,320.62884343835873,1.3359535143264947
1,182,A,276.0695969472124,1.1502899872800516
1,183,A,276.9487096233951,1.1539529567641462
1,183,F,320.0917496474549,1.333715623531062
1,184,F,321.3026033613188,1.3387608473388284
1,184,A,276.48363137770747,1.1520151307404478
1,185,A,277.3603401608709,1.1556680840036289
1,185,F,320.75524909289675,1.3364802045537365
1,186,F,321.9666237307893,1.3415275988782889
1,186,A,276.88940161963336,1.1537058400818057
1,187,A,277.7633464319222,1.1573472767996758
1,187,F,321.40704484372765,1.3391960201821986
1,188,F,322.61154040382957,1.3442147516826233
1,188,A,277.2854701631501,1.155356125679792
1,189,A,278.15564114876224,1.1589818381198427
1,189,F,322.03994310347196,1.3418330962644665
1,190,F,323.24785121564787,1.346866046731866
1,190,A,277.6727643798635,1.1569698515827647
1,191,A,278.5392887589568,1.1605803698289867
1,191,F,322.66572242218297,1.344440510092429
1,192,F,323.8731184477289,1.3494713268655372
1,192,A,278.05055685452726,1.1585439868938636
1,193,A,278.9123722432993,1.1621348843470802
1,193,F,323.279665118598,1.346998604660825
1,194,F,324.48409761523027,1.352017073396793
1,194,A,278.41507655624355,1.160062818984348
1,195,A,279.2717868778571,1.1636324453244045
1,195,F,323.87960511618445,1.3494983546507686
1,196,F,325.0824631205623,1.354510263002343
1,196,A,278.77374317919123,1.1615572632466302
1,197,A,279.6251484785822,1.165104785327426
1,197,F,324.4711334835135,1.351963056181306
1,198,F,325.6724327243804,1.3569684696849185
1,198,A,279.124334369507,1.1630180598729458
1,199,A,279.97371252103795,1.1665571355043247
1,199,F,325.04852585244805,1.3543688577185335
1,200,F,326.244216944262,1.359350903934425
1,200,A,279.4688759534356,1.1644536498059816
1,201,A,280.316184733268,1.1679841030552833
1,201,F,325.6099730573961,1.3567082210724837
1,202,F,326.8012720540758,1.3616719668919826
1,202,A,279.80407690230174,1.1658503204262574
1,203,A,280.6459534045374,1.1693581391855725
1,203,F,326.16101091844143,1.3590042121601726
1,204,F,327.34835333019885,1.363951472209162
1,204,A,280.1291145764962,1.167204644068734
1,205,A,280.9682340830351,1.1707009753459796
1,205,F,326.70291044959384,1.3612621268733076
1,206,F,327.88704733688473,1.366196030570353
1,206,A,280.44601908600856,1.1685250795250357
1,207,A,281.28353758278456,1.172014739928269
1,207,F,327.23667209331984,1.363486133722166
1,208,F,328.4177959012477,1.3684074829218653
1,208,A,280.7549532290231,1.1698123051209295
1,209,A,281.58972228239105,1.1732905095099626
1,209,F,327.7614023670217,1.3656725098625904
1,210,F,328.94310512617164,1.3705962713590485
1,210,A,281.0581174729487,1.1710754894706197
1,211,A,281.89030349500814,1.1745429312292006
1,211,F,328.28276855412014,1.3678448689755005
1,212,F,329.4673670550715,1.372780696062798
1,212,A,281.3557536997777,1.1723156404157404
1,213,A,282.1888202606025,1.1757867510858437
1,213,F,328.7959426318394,1.369983094299331
1,214,F,329.97933016790887,1.3749138756996202
1,214,A,281.6455193247258,1.1735229971863574
1,215,A,282.4795249079398,1.176998020449749
1,215,F,329.3024942475608,1.3720937260315034
1,216,F,330.48588304970974,1.377024512707124
1,216,A,281.9295966493261,1.1747066527055252
1,217,A,282.76326984389834,1.178180291016243
1,217,F,329.8026703186006,1.374177792994169
1,218,F,330.9808021267768,1.3790866755282365
1,218,A,282.2104187623663,1.175876744843193
1,219,A,283.04407415848755,1.179350308993698
1,219,F,330.293844104473,1.3762243504353042
1,220,F,331.470928398958,1.3811288683289917
1,220,A,282.4845196679986,1.1770188319499941
1,221,A,283.318116464012,1.1804921519333833
1,221,F,330.78124932672864,1.378255205528036
1,222,F,331.9607458390284,1.383169774329285
1,222,A,282.7552332113642,1.178146805047351
1,223,A,283.5873040815895,1.181613767006623
1,223,F,331.2669813035907,1.3802790887649612
1,224,F,332.44917814984194,1.3852049089576748
1,224,A,283.01927027916685,1.1792469594965285
1,225,A,283.8490850293603,1.182704520955668
1,225,F,331.748302919214,1.3822845954967249
1,226,F,332.9341632107985,1.3872256800449938
1,226,A,283.28067847657894,1.180336160319079
1,227,A,284.10872336499506,1.1837863473541461
1,227,F,332.23696327011294,1.3843206802921373
1,228,F,333.42310672149176,1.3892629446728824
1,228,A,283.53524274174595,1.1813968447572747
1,229,A,284.36420051426137,1.184850835476089
1,229,F,332.72324960670664,1.3863468733612776
1,230,F,333.9073905504566,1.3912807939602359
1,230,A,283.7878381235189,1.182449325514662
1,231,A,284.6188662573377,1.185911942738907
1,231,F,333.205256316548,1.3883552346522834
1,232,F,334.387975919882,1.3932832329995084
1,232,A,284.03247948817,1.1834686645340418
1,233,A,284.8649113730404,1.1869371307210017
1,233,F,333.679928830791,1.3903330367949627
1,234,F,334.8639672364973,1.395266530152072
1,234,A,284.2687820990641,1.1844532587461003
1,235,A,285.1018478975478,1.1879243662397827
1,235,F,334.1538462386961,1.3923076926612337
1,236,F,335.33270137189925,1.3972195890495802
1,236,A,284.4992294329121,1.185413455970467
1,237,A,285.3323900789385,1.1888849586622436
1,237,F,334.62507098761,1.3942711291150416
1,238,F,335.79769743442637,1.3991570726434432
1,238,A,284.72205828876145,1.186341909536506
1,239,A,285.55612352647256,1.1898171813603022
1,239,F,335.0907394216887,1.396211414257036
1,240,F,336.26043031139534,1.4010851262974806
1,240,A,284.935498435124,1.1872312434796832
1,241,A,285.77448429621074,1.1907270179008782
1,241,F,335.55501640932744,1.3981459017055309
1,242,F,336.72513021054965,1.4030213758772903
1,242,A,285.14939014491364,1.1881224589371402
1,243,A,285.98634015407697,1.1916097506419874
1,243,F,336.01585337186515,1.4000660557161049
1,244,F,337.1886124010053,1.4049525516708554
1,244,A,285.36263824163217,1.1890109926734673
1,245,A,286.19604573429723,1.192483523892905
1,245,F,336.47403630551116,1.4019751512729632
1,246,F,337.6520595455457,1.4068835814397738
1,246,A,285.57490729446295,1.1898954470602623
1,247,A,286.4033975902832,1.1933474899595133
1,247,F,336.9367034163914,1.4039029309016309
1,248,F,338.11895968037425,1.408828998668226
1,248,A,285.7843533012415,1.1907681387551727
1,249,A,286.6131948756048,1.19422164531502
1,249,F,337.40540069296003,1.4058558362206668
1,250,F,338.5850484341071,1.4107710351421128
1,250,A,285.9947999679614,1.1916449998665057
1,251,A,286.82131374686765,1.1950888072786152
1,251,F,337.8674646092146,1.4077811025383942
1,252,F,339.0456087298441,1.4126900363743504
1,252,A,286.1988631319183,1.1924952630496597
1,253,A,287.02353229837877,1.1959313845765782
1,253,F,338.3208648492184,1.4096702702050767
1,254,F,339.495211375863,1.4145633807327624
1,254,A,286.40260954717996,1.1933442064465831
1,255,A,287.22569454407665,1.196773727266986
1,255,F,338.76927300104614,1.411538637504359
1,256,F,339.9397361847688,1.4164155674365366
1,256,A,286.60153228875276,1.1941730512031365
1,257,A,287.4262902320524,1.1976095426335516
1,257,F,339.2087321150597,1.4133697171460822
1,258,F,340.38072278764537,1.418253011615189
1,258,A,286.7995624286836,1.1949981767861817
1,259,A,287.6252602937627,1.1984385845573446
1,259,F,339.64227694170813,1.415176153923784
1,260,F,340.8164742149447,1.4200686425622697
1,260,A,286.9963275230561,1.1958180313460671
1,261,A,287.82473087471607,1.1992697119779836
1,261,F,340.0713759978356,1.4169640666576484
1,262,F,341.2451402603315,1.4218547510847146
1,262,A,287.2040283364058,1.1966834514016909
1,263,A,288.0330129562987,1.200137553984578
1,263,F,340.4958885389838,1.4187328689124326
1,264,F,341.66834537743455,1.4236181057393107
1,264,A,287.4142077426213,1.1975591989275887
1,265,A,288.24219839469674,1.2010091599779031
1,265,F,340.9140811753199,1.4204753382304995
1,266,F,342.0823086357075,1.425342952648781
1,266,A,287.62504187931313,1.1984376744971381
1,267,A,288.45190587395274,1.2018829411414698
1,267,F,341.32376304247435,1.4221823460103098
1,268,F,342.4886529505478,1.427036053960616
1,268,A,287.8339961141874,1.1993083171424475
1,269,A,288.6588611613754,1.2027452548390642
1,269,F,341.7249011009558,1.4238537545873158
1,270,F,342.88428715387045,1.4286845298077935
1,270,A,288.03660104407714,1.2001525043503214
1,271,A,288.85854869787397,1.2035772862411416
1,271,F,342.11570551907243,1.4254821063294685
1,272,F,343.2707592319807,1.430294830133253
1,272,A,288.2365033705757,1.200985430710732
1,273,A,289.0574931987177,1.2044062216613236
1,273,F,342.5003061712534,1.4270846090468892
1,274,F,343.65184821567266,1.4318827008986361
1,274,A,288.4311015373811,1.2017962564057545
1,275,A,289.25498620848134,1.2052291092020055
1,275,F,342.878599537126,1.4286608314046916
1,276,F,344.02275890719704,1.433428162113321
1,276,A,288.6236967827389,1.2025987365947453
1,277,A,289.4469125592471,1.2060288023301962
1,277,F,343.24757423092643,1.4301982259621935
1,278,F,344.3871644705455,1.434946518627273
1,278,A,288.8234990615683,1.203431246089868
1,279,A,289.64612542664617,1.206858855944359
1,279,F,343.6100902256521,1.4317087092735503
1,280,F,344.7463361498159,1.4364430672908994
1,280,A,289.0201125756092,1.2042504690650382
1,281,A,289.84352644780193,1.2076813601991747
1,281,F,343.97325761181844,1.4332219067159102
1,282,F,345.1082805998714,1.4379511691661309
1,282,A,289.22182962898023,1.2050909567874177
1,283,A,290.0463339624929,1.208526391510387
1,283,F,344.3349214878423,1.4347288395326763
1,284,F,345.4650672649051,1.439437780270438
1,284,A,289.42416421326135,1.2059340175552555
1,285,A,290.24743296261886,1.2093643040109119
1,285,F,344.68815556319834,1.4362006481799932
1,286,F,345.8151555198524,1.4408964813327183
1,286,A,289.6204188235827,1.2067517450982614
1,287,A,290.4417322343282,1.2101738843097007
1,287,F,345.0406448570144,1.4376693535708933
1,288,F,346.16356107328323,1.44234817113868
1,288,A,289.8146190680908,1.2075609127837117
1,289,A,290.63451747641875,1.2109771561517448
1,289,F,345.3858482664854,1.439107701110356
1,290,F,346.5048550529324,1.4437702293872183
1,290,A,290.01105125336164,1.2083793802223401
1,291,A,290.8287689758165,1.2117865373992354
1,291,F,345.7210606887581,1.440504419536492
1,292,F,346.83665992572764,1.4451527496905319
1,292,A,290.2105564736459,1.2092106519735246
1,293,A,291.02788924971304,1.2126162052071376
1,293,F,346.0478165929526,1.4418659024706357
1,294,F,347.1604466417532,1.446501861007305
1,294,A,290.4087807051191,1.2100365862713296
1,295,A,291.2244761612221,1.2134353173384256
1,295,F,346.3664246168705,1.4431934359036271
1,296,F,347.47586204215946,1.447816091842331
1,296,A,290.6012997897292,1.2108387491238717
1,297,A,291.4147832692721,1.214228263621967
1,297,F,346.67739400809893,1.4444891417004122
1,298,F,347.7836632743133,1.4490985969763055
1,298,A,290.7909532807356,1.211628972003065
1,299,A,291.609010143815,1.2150375422658959
1,299,F,346.98120505652616,1.445755021068859
1,300,F,348.08589855008034,1.4503579106253348
1,300,A,290.9889104451793,1.2124537935215802
1,301,A,291.8046502527933,1.2158527093866387
1,301,F,347.2789386803141,1.4469955778346422
1,302,F,348.38217400192286,1.4515923916746787
1,302,A,291.18307414215576,1.213262808925649
1,303,A,291.99772911410895,1.2166572046421207
1,303,F,347.5803525924943,1.448251469135393
1,304,F,348.6818858578458,1.4528411910743577
1,304,A,291.37311321679715,1.2140546384033215
1,305,A,292.18555400476805,1.2174398083532003
1,305,F,347.8809502528303,1.4495039593867929
1,306,F,348.982650899578,1.4540943787482417
1,306,A,291.5583898432693,1.2148266243469554
1,307,A,292.36951394722996,1.2182063081134582
1,307,F,348.1817416710777,1.4507572569628238
1,308,F,349.2839598738436,1.4553498328076817
1,308,A,291.7506503806279,1.215627709919283
1,309,A,292.56514106274074,1.219021421094753
1,309,F,348.4799085865799,1.4519996191107496
1,310,F,349.5821747389711,1.456592394745713
1,310,A,291.9637265204038,1.216515527168349
1,311,A,292.77771229275487,1.2199071345531454
1,311,F,348.7769697794988,1.453237374081245
1,312,F,349.87685142825626,1.457820214284401
1,312,A,292.17480756232806,1.2173950315097002
1,313,A,292.9875852285893,1.220781605119122
1,313,F,349.070971793632,1.4544623824734666
1,314,F,350.1681587470991,1.4590339947795796
1,314,A,292.3844266320238,1.2182684443000993
1,315,A,293.1959177316239,1.2216496572150997
1,315,F,349.3622073205853,1.455675863835772
1,316,F,350.45685013507796,1.4602368755628248
1,316,A,292.5917395322383,1.219132248050993
1,317,A,293.4018426515405,1.222507677714752
1,317,F,349.6486964943257,1.456869568726357
1,318,F,350.7447971519151,1.4614366547996462
1,318,A,292.7998893894908,1.2199995391228782
1,319,A,293.6080040334591,1.2233666834727464
1,319,F,349.93214380584266,1.458050599191011
1,320,F,351.0311475326565,1.462629781386069
1,320,A,293.00655750227276,1.2208606562594697
1,321,A,293.81238198331573,1.2242182582638155
1,321,F,350.2133901622342,1.459222459009309
1,322,F,351.31505114502096,1.463812713104254
1,322,A,293.2084149411084,1.221701728921285
1,323,A,294.0112700303009,1.225046958459587
1,323,F,350.49316474432044,1.4603881864346684
1,324,F,351.5962253124967,1.464984272135403
1,324,A,293.4064625325264,1.22252692721886
1,325,A,294.20756208958556,1.2258648420399398
1,325,F,350.7718951146851,1.4615495629778545
1,326,F,351.8749392927871,1.4661455803866128
1,326,A,293.60208937054756,1.2233420390439482
1,327,A,294.4020900214685,1.2266753750894521
1,327,F,351.0478339100676,1.462699307958615
1,328,F,352.1497560783795,1.4672906503265812
1,328,A,293.79577574404215,1.2241490656001757
1,329,A,294.5938044779359,1.227474185324733
1,329,F,351.3220911201204,1.4638420463338349
1,330,F,352.42328398577456,1.4684303499407274
1,330,A,293.9864543849947,1.224943559937478
1,331,A,294.783681604059,1.2282653400169123
1,331,F,351.5953140181893,1.4649804750757887
1,332,F,352.6956519090378,1.4695652162876576
1,332,A,294.1743656305574,1.2257265234606558
1,333,A,294.9724129115515,1.229051720464798
1,333,F,351.8664833346777,1.4661103472278236
1,334,F,352.9639400946595,1.470683083727748
1,334,A,294.36336363713906,1.226514015154746
1,335,A,295.16657359323364,1.2298607233051402
1,335,F,352.13273800158777,1.4672197416732824
1,336,F,353.22893376060216,1.471787224002509
1,336,A,294.5583806308027,1.2273265859616778
1,337,A,295.36335901336565,1.2306806625556903
1,337,F,352.39597608039037,1.4683165670016265
1,338,F,353.4913524875764,1.4728806353649018
1,338,A,294.7551079976114,1.2281462833233807
1,339,A,295.55939209924946,1.2314974670802061
1,339,F,352.65800774157333,1.4694083655898889
1,340,F,353.7523092637573,1.4739679552656555
1,340,A,294.94958098306984,1.2289565874294577
1,341,A,295.7528975307082,1.2323037397112842
1,341,F,352.9188110749315,1.470495046145548
1,342,F,354.01104283222304,1.4750460118009294
1,342,A,295.14022596559516,1.2297509415233132
1,343,A,295.9420368074789,1.2330918200311622
1,343,F,353.17862784543684,1.4715776160226535
1,344,F,354.2688770820128,1.4761203211750533
1,344,A,295.32521833427023,1.2305217430594593
1,345,A,296.1219361602293,1.2338414006676222
1,345,F,353.43467562892954,1.4726444817872064
1,346,F,354.52545534107537,1.4771893972544807
1,346,A,295.5067064724833,1.2312779436353471
1,347,A,296.3002255273681,1.2345842730307006
1,347,F,353.68841223306026,1.4737017176377512
1,348,F,354.78548184318277,1.4782728410132615
1,348,A,295.6878287379544,1.2320326197414768
1,349,A,296.47667388861805,1.2353194745359086
1,349,F,353.9455290746319,1.4747730378109662
1,350,F,355.05080339116137,1.4793783474631723
1,350,A,295.86671113797297,1.2327779630748874
1,351,A,296.6502475768582,1.236042698236909
1,351,F,354.2081289469645,1.4758672039456855
1,352,F,355.3136839499959,1.480473683124983
1,352,A,296.04211869552944,1.2335088278980393
1,353,A,296.81960046135794,1.236748335255658
1,353,F,354.4719684466145,1.476966535194227
1,354,F,355.57738255676304,1.481572427319846
1,354,A,296.2116046623804,1.234215019426585
1,355,A,296.9850589361847,1.2374377455674364
1,355,F,354.7360990320751,1.478067079300313
1,356,F,355.84062465212116,1.4826692693838381
1,356,A,296.3764392514885,1.2349018302145354
1,357,A,297.1467059558669,1.238111274816112
1,357,F,354.99627562307495,1.479151148429479
1,358,F,356.10130557443995,1.4837554398934998
1,358,A,296.53624643925053,1.2355676934968771
1,359,A,297.3048248559776,1.2387701035665732
1,359,F,355.2528892396218,1.4802203718317577
1,360,F,356.35699233088854,1.4848208013787023
1,360,A,296.69522964213127,1.2362301235088802
1,361,A,297.46193299986015,1.2394247208327507
1,361,F,355.50056892622206,1.4812523705259253
1,362,F,356.6049722556934,1.485854051065389
1,362,A,296.85659332682803,1.2369024721951167
1,363,A,297.6183630112736,1.2400765125469733
1,363,F,355.7456360833378,1.4822734836805742
1,364,F,356.8505870528604,1.4868774460535852
1,364,A,297.01410974399505,1.2375587905999794
1,365,A,297.77496257924474,1.2407290107468532
1,365,F,355.98912838842966,1.4832880349517903
1,366,F,357.09389706723334,1.487891237780139
1,366,A,297.171954893444,1.2382164787226835
1,367,A,297.9301763518811,1.2413757347995045
1,367,F,356.2322255408671,1.4843009397536129
1,368,F,357.33558377221846,1.4888982657175769
1,368,A,297.3274132075288,1.2388642216980368
1,369,A,298.08240753382074,1.2420100313909197
1,369,F,356.47250321880364,1.4853020967450152
1,370,F,357.57500519657896,1.4898958549857457
1,370,A,297.47971444168707,1.2394988101736961
1,371,A,298.2315571392346,1.2426314880801441
1,371,F,356.70943758590886,1.4862893232746202
1,372,F,357.8141586041288,1.4908923275172035
1,372,A,297.6279244511011,1.240116351879588
1,373,A,298.3749091335383,1.2432287880564097
1,373,F,356.94511472904713,1.4872713113710296
1,374,F,358.05259905667253,1.4918858294028021
1,374,A,297.77544722400273,1.2407310301000114
1,375,A,298.5195333166399,1.243831388819333
1,375,F,357.1810646565401,1.4882544360689172
1,376,F,358.28988322361676,1.4928745134317365
1,376,A,297.9202652847239,1.2413344386863494
1,377,A,298.6621286547778,1.2444255360615741
1,377,F,357.4188934497965,1.489245389374152
1,378,F,358.52531568182394,1.4938554820075998
1,378,A,298.06225372280596,1.2419260571783581
1,379,A,298.802452642533,1.2450102193438874
1,379,F,357.65516560795345,1.490229856699806
1,380,F,358.759020003767,1.4948292500156957
1,380,A,298.2014639921915,1.2425060999674646
1,381,A,298.93889010461453,1.2455787087692272
1,381,F,357.88657387812907,1.4911940578255378
1,382,F,358.98941216336834,1.4957892173473681
1,382,A,298.3397988944407,1.243082495393503
1,383,A,299.0748842101148,1.2461453508754785
1,383,F,358.13207412787625,1.4922169755328176
1,384,F,359.23455360242554,1.4968106400101064
1,384,A,298.47609522096405,1.243650396754017
1,385,A,299.20869767578097,1.2467029069824207
1,385,F,358.38611280111587,1.4932754700046496
1,386,F,359.48658961857086,1.4978607900773786
1,386,A,298.6103583621033,1.2442098265087638
1,387,A,299.34024508552,1.2472510211896666
1,387,F,358.6378584598026,1.4943244102491775
1,388,F,359.73816393479024,1.4989090163949592
1,388,A,298.74259494636397,1.2447608122765166
1,389,A,299.4707400126524,1.2477947500527184
1,389,F,358.88760748564516,1.4953650311901883
1,390,F,359.9882066059853,1.4999508608582721
1,390,A,298.8759028130206,1.2453162617209192
1,391,A,299.60376934310773,1.2483490389296155
1,391,F,359.14308133142504,1.4964295055476042
1,392,F,360.24184968523014,1.5010077070217922
1,392,A,299.0094658814322,1.2458727745059677
1,393,A,299.73649869100404,1.2489020778791835
1,393,F,359.39815040346144,1.497492293347756
1,394,F,360.49622905472904,1.502067621061371
1,394,A,299.14137334703406,1.2464223889459753
1,395,A,299.86878248872733,1.2494532603696973
1,395,F,359.6524779313145,1.498551991380477
1,396,F,360.749266331463,1.5031219430477625
1,396,A,299.27127969281753,1.2469636653867398
1,397,A,299.9992157655677,1.2499967323565322
1,397,F,359.9037609858964,1.4995990041079017
1,398,F,360.9994183175969,1.504164242989987
1,398,A,299.40040147113996,1.2475016727964165
1,399,A,300.12900417930103,1.2505375174137543
1,399,F,360.1567328630033,1.500653053595847
1,400,F,361.25108429694393,1.5052128512372664
1,400,A,299.5336311912911,1.2480567966303795
1,401,A,300.260623604618,1.2510859316859082
1,401,F,360.4069808695353,1.5016957536230637
1,402,F,361.49974700610403,1.506248945858767
1,402,A,299.66369821970886,1.2485987425821203
1,403,A,300.38887655067407,1.251620318961142
1,403,F,360.6537050394221,1.502723770997592
1,404,F,361.7444960742931,1.507268733642888
1,404,A,299.79113006635976,1.2491297086098323
1,405,A,300.5150130391314,1.2521458876630476
1,405,F,360.89822081625965,1.5037425867344152
1,406,F,361.9870886415247,1.5082795360063528
1,406,A,299.9169171812738,1.2496538215886408
1,407,A,300.63954929286814,1.252664788720284
1,407,F,361.1407616194698,1.5047531734144575
1,408,F,362.2272865852282,1.5092803607717842
1,408,A,300.0406227529998,1.2501692614708326
1,409,A,300.7620290387859,1.2531751209949413
1,409,F,361.3811309180929,1.5057547121587203
1,410,F,362.46553325025775,1.5102730552094072
1,410,A,300.16204423635054,1.2506751843181272
1,411,A,300.8823249231957,1.2536763538466489
1,411,F,361.6183298154205,1.5067430408975855
1,412,F,362.7016912445671,1.511257046852363
1,412,A,300.28168894976574,1.2511737039573572
1,413,A,301.0015162520905,1.2541729843837104
1,413,F,361.85386675042906,1.5077244447934544
1,414,F,362.9362957685546,1.5122345657023109
1,414,A,300.40360805798935,1.2516817002416223
1,415,A,301.12262404547016,1.254677600189459
1,415,F,362.0868527927439,1.5086952199697663
1,416,F,363.168702786499,1.5132029282770791
1,416,A,300.52649935193926,1.2521937472997469
1,417,A,301.241840231559,1.2551743342981625
1,417,F,362.3174321974838,1.5096559674895158
1,418,F,363.40056821319484,1.5141690342216452
1,418,A,300.64784462710185,1.2526993526129244
1,419,A,301.36058911103373,1.2556691212959739
1,419,F,362.54548040323994,1.510606168346833
1,420,F,363.6316506177753,1.5151318775740636
1,420,A,300.7676695822555,1.253198623259398
1,421,A,301.47815330504056,1.2561589721043356
1,421,F,362.77239283183485,1.5115516367993118
1,422,F,363.8610780197416,1.5160878250822567
1,422,A,300.8865691118069,1.253694037965862
1,423,A,301.5946874901427,1.2566445312089278
1,423,F,362.9997544283587,1.5124989767848278
1,424,F,364.08886920890416,1.5170369550371006
1,424,A,301.00563856007875,1.2541901606669947
1,425,A,301.7110196167483,1.2571292484031178
1,425,F,363.2263232267228,1.5134430134446784
1,426,F,364.3150198912165,1.5179792495467352
1,426,A,301.1236899523591,1.2546820414681628
1,427,A,301.8280216393083,1.2576167568304513
1,427,F,363.45326326301665,1.514388596929236
1,428,F,364.5414454565853,1.5189226894024386
1,428,A,301.24045881107736,1.255168578379489
1,429,A,301.9437451379715,1.2580989380748813
1,429,F,363.6787383114911,1.5153280762978796
1,430,F,364.76553116220975,1.5198563798425406
1,430,A,301.35570721858033,1.255648780077418
1,431,A,302.0581062547506,1.2585754427281275
1,431,F,363.9019292086682,1.5162580383694508
1,432,F,364.98916070657685,1.5207881696107368
1,432,A,301.47045572105156,1.2561268988377148
1,433,A,302.1713028120346,1.259047095050144
1,433,F,364.1245286038597,1.5171855358494153
1,434,F,365.2131612183557,1.521721505076482
1,434,A,301.58266975405843,1.2565944573085768
1,435,A,302.2827673196349,1.2595115304984787
1,435,F,364.345528631797,1.518106369299154
1,436,F,365.4344987579499,1.5226437448247911
1,436,A,301.6938952060025,1.257057896691677
1,437,A,302.3920791395713,1.2599669964148805
1,437,F,364.56449236382355,1.519018718182598
1,438,F,365.65298712293674,1.5235541130122363
1,438,A,301.805263563886,1.2575219315161916
1,439,A,302.50196991373736,1.2604248746405724
1,439,F,364.78446151024167,1.5199352562926736
1,440,F,365.86973019761047,1.5244572091567103
1,440,A,301.9207902364973,1.2580032926520721
1,441,A,302.6161259851241,1.260900524938017
1,441,F,365.0026038456271,1.520844182690113
1,442,F,366.0830508261846,1.5253460451091025
1,442,A,302.0336083192478,1.2584733679968658
1,443,A,302.7293190874558,1.2613721628643992
1,443,F,365.2168943637746,1.521737059849061
1,444,F,366.2932484053643,1.5262218683556845
1,444,A,302.14463240420935,1.2589359683508723
1,445,A,302.84138622125755,1.26183910925524
1,445,F,365.4279483759716,1.5226164515665483
1,446,F,366.50008280104646,1.5270836783376935
1,446,A,302.26172189840065,1.259423841243336
1,447,A,302.95895837948603,1.2623289932478585
1,447,F,365.6376023266587,1.523490009694411
1,448,F,366.70446940817027,1.5279352892007094
1,448,A,302.3832625365097,1.2599302605687903
1,449,A,303.07928541478134,1.2628303558949223
1,449,F,365.84331318491945,1.5243471382704976
1,450,F,366.90564779107797,1.5287735324628249
1,450,A,302.50906946341297,1.2604544560975541
1,451,A,303.19822578532296,1.263325940772179
1,451,F,366.0474489466549,1.5251977039443956
1,452,F,367.1058950900057,1.529607896208357
1,452,A,302.633478773971,1.260972828224879
1,453,A,303.31585785238383,1.2638160743849327
1,453,F,366.2495795320588,1.5260399147169117
1,454,F,367.30395353863605,1.530433139744317
1,454,A,302.7557476201515,1.2614822817506313
1,455,A,303.4382389270636,1.2643259955294317
1,455,F,366.44915919466996,1.526871496644458
1,456,F,367.5000139842183,1.5312500582675763
1,456,A,302.87579186096275,1.2619824660873449
1,457,A,303.55934285411263,1.2648305952254693
1,457,F,366.6470036004529,1.5276958483352203
1,458,F,367.69569187171555,1.5320653827988149
1,458,A,302.9960454982305,1.2624835229092937
1,459,A,303.679709248495,1.265332121868729
1,459,F,366.84372716136625,1.528515529839026
1,460,F,367.8900944568034,1.5328753935700141
1,460,A,303.11541436382413,1.2629808931826005
1,461,A,303.800143989454,1.2658339332893918
1,461,F,367.03851909741456,1.529327162905894
1,462,F,368.08134893647207,1.5336722872353004
1,462,A,303.23930871482463,1.2634971196451026
1,463,A,303.92470197633793,1.266352924901408
1,463,F,367.23043690092186,1.5301268204205078
1,464,F,368.26986631431214,1.5344577763096339
1,464,A,303.36379642262847,1.2640158184276187
1,465,A,304.0480698093003,1.2668669575387512
1,465,F,367.4206621316887,1.5309194255487029
1,466,F,368.4562142720773,1.5352342261336556
1,466,A,303.4858292634285,1.264524288597619
1,467,A,304.16922177159915,1.2673717573816632
1,467,F,367.61021960131285,1.5317092483388035
1,468,F,368.64212664340124,1.5360088610141718
1,468,A,303.60697610092495,1.2650290670871873
1,469,A,304.2911423016901,1.2678797595903755
1,469,F,367.7983303361126,1.5324930430671357
1,470,F,368.82673383581437,1.5367780576492265
1,470,A,303.7261547287785,1.2655256447032437
1,471,A,304.4111584420515,1.268379826841881
1,471,F,367.98418274118177,1.5332674280882574
1,472,F,369.009362405535,1.5375390100230626
1,472,A,303.845960452773,1.2660248352198875
1,473,A,304.53209108895896,1.2688837128706623
1,473,F,368.16874680151534,1.534036445006314
1,474,F,369.19077938796454,1.538294914116519
1,474,A,303.9670314169597,1.2665292975706655
1,475,A,304.65244887155825,1.2693852036314928
1,475,F,368.35182974975606,1.5347992906239836
1,476,F,369.3705582959542,1.5390439928998092
1,476,A,304.08696468231415,1.2670290195096423
1,477,A,304.77021856186695,1.2698759106744457
1,477,F,368.53462555394975,1.535560939808124
1,478,F,369.5496207200211,1.5397900863334213
1,478,A,304.2046193201554,1.2675192471673142
1,479,A,304.88560122093344,1.2703566717538892
1,479,F,368.71536279549645,1.536314011647902
1,480,F,369.72730538792746,1.5405304391163643
1,480,A,304.3198186589329,1.2679992444122203
1,481,A,304.99837583078215,1.2708265659615923
1,481,F,368.89343418193806,1.5370559757580753
1,482,F,369.9025562289669,1.5412606509540288
1,482,A,304.43250849394775,1.268468785391449
1,483,A,305.1083760464368,1.2712849001934865
1,483,F,369.06754903493834,1.537781454312243
1,484,F,370.07418027935137,1.541975751163964
1,484,A,304.5428236592827,1.268928431913678
1,485,A,305.2160895325228,1.2717337063855116
1,485,F,369.2377706796557,1.538490711165232
1,486,F,370.2416435034165,1.542673514597569
1,486,A,304.650735707985,1.2693780654499376
1,487,A,305.3216166993632,1.2721734029140133
1,487,F,369.4051608643223,1.5391881702680095
1,488,F,370.40666413188114,1.5433611005495047
1,488,A,304.75703425273286,1.2698209760530537
1,489,A,305.42555244811336,1.2726064685338057
1,489,F,369.57037819298455,1.5398765758041022
1,490,F,370.56982327158875,1.5440409302982865
1,490,A,304.86285497508607,1.2702618957295253
1,491,A,305.52923811607894,1.2730384921503288
1,491,F,369.7331710830576,1.54055487951274
1,492,F,370.73052160768043,1.5447105066986684
1,492,A,304.9663077236329,1.2706929488484704
1,493,A,305.6283807301845,1.2734515863757687
1,493,F,369.8936109742716,1.541223379059465
1,494,F,370.88892690745945,1.545370528781081
1,494,A,305.064348306803,1.2711014512783458
1,495,A,305.72540504506264,1.2738558543544276
1,495,F,370.05145386061395,1.5418810577525581
1,496,F,371.0448144318758,1.5460200601328158
1,496,A,305.1607955912792,1.2715033149636634
1,497,A,305.8216159772295,1.2742567332384562
1,497,F,370.20664247531033,1.5425276769804597
1,498,F,371.19857749000494,1.5466607395416871
1,498,A,305.25658376442686,1.2719024323517787
1,499,A,305.91711513985337,1.2746546464160557
1,499,F,370.35947114502534,1.5431644631042722
1,500,F,371.3502957759632,1.5472928990665133
1,500,A,305.3513044088181,1.2722971017034088
