brain,checkpoint,mode,cue,P_peak_activity,P_cumulative_activity,P_final_activity,trial_similarity,experience_similarity,P_peak_gain_vs_local,P_cumulative_gain_vs_local
1,0,untrained,A,0.41679144437282967,13.560983292503916,0.0,1.0,0.0,0.0,0.0
1,0,untrained,F,0.40104352249740005,17.36379591224628,0.40104352249740005,1.0,0.0,0.0,0.0
1,0,untrained,P,0.5306626417824976,12.639694028336965,0.31738523665502616,0.9999999999999998,0.0,0.0,0.0
1,0,local,A,0.41679144437282967,13.560983292503916,0.0,1.0,0.0,0.0,0.0
1,0,local,F,0.40104352249740005,17.36379591224628,0.40104352249740005,1.0,0.0,0.0,0.0
1,0,local,P,0.5306626417824976,12.639694028336965,0.31738523665502616,0.9999999999999998,0.0,0.0,0.0
1,0,field,A,0.41679144437282967,13.560983292503916,0.0,1.0,0.0,0.0,0.0
1,0,field,F,0.40104352249740005,17.36379591224628,0.40104352249740005,1.0,0.0,0.0,0.0
1,0,field,P,0.5306626417824976,12.639694028336965,0.31738523665502616,0.9999999999999998,0.0,0.0,0.0
1,100,untrained,A,0.41679144437282967,13.560983292503916,0.0,1.0,0.0,0.0,0.0
1,100,untrained,F,0.40104352249740005,17.36379591224628,0.40104352249740005,1.0,0.0,0.0,0.0
1,100,untrained,P,0.5306626417824976,12.639694028336965,0.31738523665502616,0.9999999999999998,0.0,0.0,0.0
1,100,local,A,0.4835485851805658,19.12633194100025,0.0,1.0,0.5295827837134717,0.0,0.0
1,100,local,F,0.471543721957176,18.026131065698976,0.32401507490764614,1.0,0.523337305852428,0.0,0.0
1,100,local,P,0.6189702237570522,21.54408155008163,0.15751836349846682,0.9999999999999998,0.0,0.0,0.0
1,100,field,A,0.6096604692419435,14.85752041719984,0.40571859024159657,1.0000000000000002,0.9611282297685259,0.1261118840613777,-4.268811523800409
1,100,field,F,0.5998657206805258,13.194445477596878,0.4060383239078507,1.0000000000000002,0.9785174411223524,0.12832199872334982,-4.831685588102099
1,100,field,P,0.753466398023617,23.713229959932463,0.405728569847018,1.0,0.0,0.1344961742665648,2.169148409850834
1,200,untrained,A,0.41679144437282967,13.560983292503916,0.0,1.0,0.0,0.0,0.0
1,200,untrained,F,0.40104352249740005,17.36379591224628,0.40104352249740005,1.0,0.0,0.0,0.0
1,200,untrained,P,0.5306626417824976,12.639694028336965,0.31738523665502616,0.9999999999999998,0.0,0.0,0.0
1,200,local,A,0.4796892005976717,8.81138520412868,0.0,1.0,0.6852963635763442,0.0,0.0
1,200,local,F,0.4812064573296679,8.052555610148598,0.0,1.0,0.5073490364511297,0.0,0.0
1,200,local,P,0.630029992778082,12.207643027505206,0.2898266089810307,0.9999999999999998,0.0,0.0,0.0
1,200,field,A,0.009603954360414071,0.07789280736949586,0.0,1.0,0.8603955323936293,-0.47008524623725767,-8.733492396759184
1,200,field,F,0.6154911064283173,13.795308232743958,0.4077961533966084,0.9999999999999998,0.9808415875767582,0.1342846490986494,5.74275262259536
1,200,field,P,0.7718734723552254,28.057274120373457,0.40796922800599456,1.0,0.0,0.14184347957714338,15.84963109286825
1,300,untrained,A,0.41679144437282967,13.560983292503916,0.0,1.0,0.0,0.0,0.0
1,300,untrained,F,0.40104352249740005,17.36379591224628,0.40104352249740005,1.0,0.0,0.0,0.0
1,300,untrained,P,0.5306626417824976,12.639694028336965,0.31738523665502616,0.9999999999999998,0.0,0.0,0.0
1,300,local,A,0.0190233527538247,0.21145218092946597,0.0,1.0,0.5613202066313194,0.0,0.0
1,300,local,F,0.0,0.0,0.0,0.9999999999999998,0.35936744564699286,0.0,0.0
1,300,local,P,0.6474554554512778,5.156479440750669,0.0,1.0,0.0,0.0,0.0
1,300,field,A,0.0,0.0,0.0,1.0000000000000002,0.8308013380609158,-0.0190233527538247,-0.21145218092946597
1,300,field,F,0.0,0.0,0.0,1.0,0.8677434173871658,0.0,0.0
1,300,field,P,0.7892841631459968,30.73967401559056,0.4089691470392335,1.0,0.0,0.141828707694719,25.58319457483989
1,400,untrained,A,0.41679144437282967,13.560983292503916,0.0,1.0,0.0,0.0,0.0
1,400,untrained,F,0.40104352249740005,17.36379591224628,0.40104352249740005,1.0,0.0,0.0,0.0
1,400,untrained,P,0.5306626417824976,12.639694028336965,0.31738523665502616,0.9999999999999998,0.0,0.0,0.0
1,400,local,A,0.0,0.0,0.0,0.9999999999999998,0.5708437777279592,0.0,0.0
1,400,local,F,0.0,0.0,0.0,1.0,0.2538574587163104,0.0,0.0
1,400,local,P,0.6563237063889977,5.056622146130672,0.0,1.0,0.0,0.0,0.0
1,400,field,A,0.0,0.0,0.0,1.0,0.8221356745064262,0.0,0.0
1,400,field,F,0.0,0.0,0.0,1.0,0.861258365795165,0.0,0.0
1,400,field,P,0.7958268799718713,33.01769428091655,0.41059663437543376,1.0,0.0,0.13950317358287356,27.96107213478588
1,500,untrained,A,0.41679144437282967,13.560983292503916,0.0,1.0,0.0,0.0,0.0
1,500,untrained,F,0.40104352249740005,17.36379591224628,0.40104352249740005,1.0,0.0,0.0,0.0
1,500,untrained,P,0.5306626417824976,12.639694028336965,0.31738523665502616,0.9999999999999998,0.0,0.0,0.0
1,500,local,A,0.0,0.0,0.0,1.0,0.483646450544754,0.0,0.0
1,500,local,F,0.0,0.0,0.0,1.0000000000000002,0.5571030778931312,0.0,0.0
1,500,local,P,0.6623646805709982,5.022687197592337,0.0,1.0000000000000002,0.0,0.0,0.0
1,500,field,A,0.0,0.0,0.0,1.0000000000000002,0.8124420194629722,0.0,0.0
1,500,field,F,0.0,0.0,0.0,1.0,0.8562257353006751,0.0,0.0
1,500,field,P,0.7976680237719428,34.46362622067115,0.41246314156897934,1.0,0.0,0.13530334320094461,29.440939023078815
